<?xml version="1.0" encoding="utf-8"?>
<eml:eml xmlns:eml="eml://ecoinformatics.org/eml-2.1.1" xmlns:xsi="http://www.w3.org/2001/XMLSchema-instance"
         xsi:schemaLocation="eml://ecoinformatics.org/eml-2.1.1 http://rs.gbif.org/schema/eml-gbif-profile/1.1/eml.xsd"
        packageId="10.15468/dl.c7d6nu"  system="http://gbif.org" scope="system"
  xml:lang="en">

<dataset>
        <alternateIdentifier>0036897-200221144449610</alternateIdentifier>
    <title>GBIF Occurrence Download 10.15468/dl.c7d6nu</title>
    <creator>
    <individualName>
          <surName>GBIF Download Service</surName>
    </individualName>
<electronicMailAddress>support@gbif.org</electronicMailAddress>    </creator>
    <metadataProvider>
    <individualName>
          <surName>GBIF Download Service</surName>
    </individualName>
<electronicMailAddress>support@gbif.org</electronicMailAddress>    </metadataProvider>
      <pubDate>
      2020-04-07
      </pubDate>
    <language>ENGLISH</language>
    <abstract>
        <para>A dataset containing all occurrences available in GBIF matching the query:
{
  &quot;TaxonKey&quot; : [ &quot;is Formicivora grisea (Boddaert, 1783)&quot; ]
}
The dataset includes records from the following constituent datasets. The full metadata for each constituent is also included in this archive:
1 records from Collection Anatomie Histologie - SMF
1 records from Aves MZS
1 records from Collections and observation data National Museum of Natural History Luxembourg
1 records from Registros biológicos de especies de fauna vertebrada terrestre en las centrales de San Carlos y Jaguas - 2009
1 records from Flora y fauna asociada al hábitat del Manatí antillano en la Ciénaga de Paredes, Magdalena Medio Santandereano
1 records from Caracterización biótica para la conservación de especies amenazadas en el área de influencia del Oleoducto Bicentenario, departamentos de Arauca y Casanare, Colombia
1 records from Registros biológicos de especies de fauna vertebrada terrestre en las centrales de San Carlos y Jaguas - 2007
1 records from Fauna y Flora asociada al estudio de Impacto Ambiental del Proyecto Parque Eólico Guajira II
1 records from Ornithologie ZMK
1 records from Angelo State Natural History Collections (ASNHC) - Ornithology Collection
1 records from Caracterización biológica de la ventana de biodiversidad del Complejo Cenagoso de Zapatosa, Municipio de Chimichagua, Cesar, Colombia
1 records from Bird Specimens in the Museum of Nature and Human Activities, Hyogo, Japan
1 records from Baillon Collection
1 records from Tejidos colectados en la caracterización biótica para la conservación de especies amenazadas en el área de influencia del Oleoducto Bicentenario, departamentos de Arauca y Casanare, Colombia
2 records from Canadian Museum of Nature Bird Collection
2 records from MLZ Bird Collection (Arctos)
2 records from Fauna y flora del municipio de Lipa, Arauca
2 records from Cowan Tetrapod Collection - Birds
2 records from Caracterización biológica en la Serranía de San Lucas 2015
2 records from Biodiversidad de un bosque seco tropical del Valle Medio del río Magdalena: evaluación integrada a través de multitaxones
2 records from Vertebrates of the Gothenburg Natural History Museum (GNM)
2 records from Registros biológicos de especies de fauna vertebrada terrestre en las centrales de San Carlos y Jaguas - 2006
2 records from NZCS Vertebrates Old Collection Before 1987
2 records from Fauna y flora en áreas con cultivos de palma de aceite en el norte y oriente de Colombia
2 records from Colección de aves del Museo de Historia Natural de la Pontificia Universidad Javeriana
2 records from Inventario de Aves Buenos Aires, Tauramena, Casanare
2 records from Aves del municipio de Cimitarra, Santander - Proyecto Santander BIO
2 records from Cruzando el Caribe - Construyendo la capacidad para el ecoturismo en el Darién y Urabá
3 records from Registros biológicos de especies de fauna vertebrada terrestre en la central hidroeléctrica Miel I - 2009
3 records from RBINS DaRWIN
3 records from UWBM Ornithology Collection
3 records from Aves laguna El Tinije
3 records from Caracterización de fauna y flora para el establecimiento de límites funcionales de humedales en tres ventanas piloto: Ciénaga de la Virgen,  Ciénaga Zapatosa y  Complejo de humedales Paz de Ariporo - Hato Corozal
3 records from Aves Bosque Seco Chicamocha
3 records from Collection ornithologique A. Maës
3 records from CUMV Bird Collection
3 records from Colección Ornitológica de la Universidad Industrial de Santander
3 records from UAM Bird Collection (Arctos)
3 records from Museu Paraense Emílio Goeldi - Ornithology Collection - Osteological
3 records from naturgucker
3 records from Inventario y evaluación de fauna silvestre en el campo de exploración petrolera Niscota Sur
3 records from Vertebrados de los humedales de La Mojana, Colombia
4 records from MCP-Aves - Coleção de Aves
4 records from Museu Paraense Emilio Goeldi - Ornithology Collection - Eggs
4 records from Inventarios de flora y fauna en el piedemonte de los municipios Aguazul, Tauramena y Yopal del departamento de Casanare
4 records from Bird specimens of the Yamashina Institute for Ornithology
5 records from Caracterización biológica de la ventana Beltrán, corregimiento Paquiló, Municipio de Beltrán, Cundinamarca
5 records from Herpetofauna, avifauna y plantas de Puerto Salgar, Caparrapí, Guaduas y Quebradanegra (Cundinamarca)
5 records from Fauna y Flora de Cinaruco - 2014- 2016
5 records from Proyecto COL88611 para la conservación y uso sostenible de ecosistemas secos
5 records from Lund Museum of Zoology (MZLU)
5 records from Rapid Assessment Program (RAP) Biodiversity Survey Database
5 records from Registros biológicos de especies de fauna vertebrada terrestre en la central hidroeléctrica Miel I - 2007
6 records from WFVZ Bird Collections
6 records from Geographically tagged INSDC sequences
6 records from Ornithology Collection Passeriformes - Royal Ontario Museum
6 records from NHMO Bird collection
6 records from SysTax -  Zoological Collections
7 records from International Barcode of Life project (iBOL)
7 records from Caracterización biológica de la ventana de biodiversidad Montes de María, Municipio de Colosó, Sucre, Colombia
8 records from MBML-Aves - Coleção de Aves MBML
9 records from DMNH Birds
9 records from Natural History Museum (London) Collection Specimens
10 records from Inventario de fauna presente en la jurisdicción de Corantioquia
10 records from UMZC Zoological Specimens
12 records from Colección Zoológica de la Universidad del Tolima (CZUT) - Ornitología
12 records from MVZ Bird Collection (Arctos)
14 records from University of Michigan Museum of Zoology, Division of Birds
14 records from Colección de Ornitología - Museo de Ciencias Naturales de La Salle
19 records from KUBI Ornithology Collection
21 records from Aves de fragmentos de Bosque seco en la región del Caribe Colombiano
21 records from ICN - Universidad Nacional de Colombia
27 records from Colección de Tejidos del Instituto de Investigación de Recursos Biológicos Alexander von Humboldt (IAvH-CT)
28 records from Corredor neotropical de migración de aves en Colombia Temporada I-II/2016
33 records from LSUMZ Bird Tissues
35 records from Vertebrate Zoology Division - Ornithology, Yale Peabody Museum
39 records from Colección de Aves del Instituto de Investigación de Recursos Biológicos Alexander von Humboldt (IAvH-A)
39 records from iNaturalist Research-grade Observations
40 records from ORN
40 records from FNJV - Fonoteca Neotropical Jacques Vielliard
44 records from Naturalis Biodiversity Center (NL) - Aves
46 records from LSUMZ Birds Collection
47 records from Collection Aves (bird skins) SMF
60 records from Caracterización de la avifauna de las cuencas de los Ríos Cañas (Dibulla–Guajira), Garupal (Valledupar–Cesar), Arroyo Grande (San Juan de Nepomuceno–Bolívar), Aipe (Huila), Yaví (Tolima), Dagua (Valle del Cauca) como insumo para la identificación de oportunidades de conservación y de recuperación de servicios ecosistémicos del bosque seco.
63 records from LACM Vertebrate Collection
67 records from Museum of Comparative Zoology, Harvard University
79 records from Xeno-canto - Bird sounds from around the world
85 records from Macaulay Library Audio and Video Collection
86 records from Coleção de Aves do Museu Nacional / UFRJ
88 records from Colección de Sonidos Ambientales del Instituto de Investigación de Recursos Biológicos Alexander von Humboldt (IAvH-CSA)
93 records from Museu_Paraense_Emilio_Goeldi_Ornithology_Collection-Skin
103 records from Museu Paraense Emílio Goeldi - Ornithology Collection -  Feathers_and_Skin
116 records from Museu Paraense Emilio Goeldi - Ornithology Collection - Anatomic
148 records from Field Museum of Natural History (Zoology) Bird Collection
199 records from AMNH Bird Collection
212 records from CM Birds Collection
224 records from NMNH Extant Specimen Records
870 records from DATAVES
9321 records from EOD - eBird Observation Dataset
</para>
    </abstract>
      <contact>
    <individualName>
          <surName>GBIF Download Service</surName>
    </individualName>
<electronicMailAddress>support@gbif.org</electronicMailAddress>      </contact>

</dataset>

<additionalMetadata>
    <metadata>
      <gbif>
        <dateStamp>2020-04-07T21:57:41Z</dateStamp>
      <citation identifier="10.15468/dl.c7d6nu">GBIF Occurrence Download 10.15468/dl.c7d6nu</citation>
              <physical>
                  <objectName>Darwin Core Archive</objectName>
                  <characterEncoding>UTF-8</characterEncoding>
                  <dataFormat>
                      <externallyDefinedFormat>
                          <formatName>Darwin Core Archive</formatName>
                      </externallyDefinedFormat>
                  </dataFormat>
                  <distribution>
                      <online>
                          <url function="download">http://api.gbif.org/v1/occurrence/download/request/0036897-200221144449610.zip</url>
                      </online>
                  </distribution>
              </physical>
        </gbif>
    </metadata>
</additionalMetadata>

</eml:eml>
