<?xml version="1.0" encoding="utf-8"?>
<eml:eml xmlns:eml="eml://ecoinformatics.org/eml-2.1.1" xmlns:xsi="http://www.w3.org/2001/XMLSchema-instance"
         xsi:schemaLocation="eml://ecoinformatics.org/eml-2.1.1 http://rs.gbif.org/schema/eml-gbif-profile/1.1/eml.xsd"
        packageId="19648428-6ecc-489c-8600-29608829b42d"  system="http://gbif.org" scope="system"
  xml:lang="es">

<dataset>
      <alternateIdentifier>10.15472/eoqdl9</alternateIdentifier>
        <alternateIdentifier>http://ipt.biodiversidad.co/sib/resource?r=puj-003-aves</alternateIdentifier>
        <alternateIdentifier>10.15468/hhpiuq</alternateIdentifier>
        <alternateIdentifier>http://data.biodiversidad.co/sib/resource?r=puj-003-aves</alternateIdentifier>
        <alternateIdentifier>http://ipt.sibcolombia.net/sib/resource.do?r=puj-003-aves</alternateIdentifier>
        <alternateIdentifier>19648428-6ecc-489c-8600-29608829b42d</alternateIdentifier>
    <title>Colección de aves del Museo de Historia Natural de la Pontificia Universidad Javeriana</title>
    <creator>
    <individualName>
<givenName>María Ángela</givenName>          <surName>Echeverry-Galvis</surName>
    </individualName>
<organizationName>Pontificia Universidad Javeriana</organizationName><positionName>Profesor Investigador</positionName>    <address>
<deliveryPoint>Transversal 4 #42-00, piso 8</deliveryPoint><city>Bogotá, D.C.</city><administrativeArea>Bogotá, D.C.</administrativeArea><country>COLOMBIA</country>    </address>
<phone>(571)3208320</phone><electronicMailAddress>ma.echeverryg@javeriana.edu.co</electronicMailAddress><onlineUrl>http://www.javeriana.edu.co/</onlineUrl>    </creator>
    <metadataProvider>
    <individualName>
<givenName>María Ángela</givenName>          <surName>Echeverry-Galvis</surName>
    </individualName>
<organizationName>Pontificia Universidad Javeriana</organizationName><positionName>Profesor Investigador</positionName>    <address>
<deliveryPoint>Transversal 4 #42-00, piso 8</deliveryPoint><city>Bogotá, D.C.</city><administrativeArea>Bogotá, D.C.</administrativeArea><country>COLOMBIA</country>    </address>
<phone>(571)3208320</phone><electronicMailAddress>ma.echeverryg@javeriana.edu.co</electronicMailAddress><onlineUrl>http://www.javeriana.edu.co/</onlineUrl>    </metadataProvider>
    <associatedParty>
    <individualName>
<givenName>María Ánglea</givenName>          <surName>Echeverry-Galvis</surName>
    </individualName>
<organizationName>Pontificia Universidad Javeriana</organizationName><positionName>Profesor Investigador</positionName>    <address>
<deliveryPoint>Transversal 4 #42-00, piso 8</deliveryPoint><city>Bogotá, D.C.</city><administrativeArea>Bogotá, D.C.</administrativeArea><country>COLOMBIA</country>    </address>
<phone>(571)3208320</phone><electronicMailAddress>ma.echeverryg@javeriana.edu.co</electronicMailAddress><onlineUrl>http://www.javeriana.edu.co/</onlineUrl>    <role>CURATOR</role>
    </associatedParty>
    <associatedParty>
    <individualName>
<givenName>Igor Dimitri</givenName>          <surName>Forero Fuentes</surName>
    </individualName>
<organizationName>Pontificia Universidad Javeriana</organizationName><positionName>Profesor Asociado-Coordinador de Colecciones Biológicas</positionName>    <address>
<deliveryPoint>Carrera 7 No. 40 - 62</deliveryPoint><city>Bogotá, D.C.</city><administrativeArea>Bogotá, D.C.</administrativeArea><country>COLOMBIA</country>    </address>
<phone>(571)3208320</phone><electronicMailAddress>forero-i@javeriana.edu.co</electronicMailAddress><onlineUrl>http://www.javeriana.edu.co/</onlineUrl>    <role>PUBLISHER</role>
    </associatedParty>
      <pubDate>
      2018-08-10
      </pubDate>
    <language>SPANISH</language>
    <abstract>
        <para>Aves depositadas en la colección del Museo de Historia Natural de la Pontificia Universidad Javeriana. Corresponde tanto a pieles planas como a individuos en espíritu colectados principalmente en el territorio nacional colombiano (21 departamentos) e incluye algunos ejemplares de Brasil, Ecuador y Perú. Los ejemplares de aves cubren actualmente 1646 registros identificados hasta la categoría de especie y están distribuidas en 19 ordenes (Passeriformes, Cuculiformes, Caprimulgiformes, Piciformes, Columbiformes, Galbuliformes, Psittaciformes, Falconiformes, Strigiformes, Coraciiformes, Accipitriformes, Podicipediformes, Pelecaniformes, Charadriiformes, Trogoniformes, Gruiformes, Apodiformes, Suliformes y Galliformes). La colecta de ejemplares proviene de diferentes actividades como colisiones dentro del campo universitario, proyectos de investigación y salidas de campo programadas en las cátedras de la universidad. La publicación de los datos se enmarca bajo un convenio de cooperación acordado entre el Instituto de Investigación de Recursos Biológicos Alexander von Humboldt y la Pontificia Universidad Javeriana.</para>
    </abstract>
        <keywordSet>
              <keyword>taxonomía</keyword>
              <keyword>distribución</keyword>
              <keyword>Passeriformes</keyword>
              <keyword>espíritus</keyword>
              <keyword>sistemática</keyword>
              <keyword>Colección</keyword>
              <keyword>piel plana</keyword>
              <keyword>Aves</keyword>
              <keyword>Oscines</keyword>
              <keyword>Occurrence</keyword>
              <keyword>Suboscines</keyword>
              <keywordThesaurus>GBIF Dataset Type Vocabulary: http://rs.gbif.org/vocabulary/gbif/dataset_type.xml</keywordThesaurus>
        </keywordSet>
        <keywordSet>
              <keyword>ejemplares</keyword>
              <keyword>Coraciiformes</keyword>
              <keyword>Podicipediformes</keyword>
              <keyword>Pelecaniformes</keyword>
              <keyword>Charadriiformes</keyword>
              <keyword>Caprimulgiformes</keyword>
              <keyword>Falconiformes</keyword>
              <keyword>Galliformes</keyword>
              <keyword>Cuculiformes</keyword>
              <keyword>identificación.</keyword>
              <keyword>Suliformes</keyword>
              <keyword>Psittaciformes</keyword>
              <keyword>Apodiformes</keyword>
              <keyword>Piciformes</keyword>
              <keyword>Accipitriformes</keyword>
              <keyword>Aves</keyword>
              <keyword>Gruiformes</keyword>
              <keyword>Galbuliformes</keyword>
              <keyword>Strigiformes</keyword>
              <keyword>colección</keyword>
              <keyword>Trogoniformes</keyword>
              <keyword>Passeriformes</keyword>
              <keyword>Columbiformes</keyword>
              <keyword>etiquetas</keyword>
              <keyword>colectas</keyword>
              <keywordThesaurus>n/a</keywordThesaurus>
        </keywordSet>
        <keywordSet>
              <keyword>Specimen</keyword>
              <keywordThesaurus>GBIF Dataset Subtype Vocabulary: http://rs.gbif.org/vocabulary/gbif/dataset_subtype.xml</keywordThesaurus>
        </keywordSet>
      <intellectualRights>
        <para>This work is licensed under a <ulink url="http://creativecommons.org/licenses/by-nc/4.0/legalcode"><citetitle>Creative Commons Attribution Non Commercial (CC-BY-NC) 4.0 License</citetitle></ulink>.</para>
      </intellectualRights>
      <coverage>
            <geographicCoverage>
                  <geographicDescription>Con una cobertura principalmente en el territorio nacional colombiano. Actualmente los ejemplares cubren 25 departamentos del país. Incluye algunos ejemplares de Brasil, Ecuador y Perú.</geographicDescription>
                  <boundingCoordinates>
                      <westBoundingCoordinate>-79.787</westBoundingCoordinate>
                      <eastBoundingCoordinate>-69.482</eastBoundingCoordinate>
                      <northBoundingCoordinate>12.212</northBoundingCoordinate>
                      <southBoundingCoordinate>-4.215</southBoundingCoordinate>
                  </boundingCoordinates>
            </geographicCoverage>
          <temporalCoverage>
            <rangeOfDates>
              <beginDate>
                <calendarDate>      1905-06-13
</calendarDate>
              </beginDate>
              <endDate>
                <calendarDate>      2013-05-14
</calendarDate>
              </endDate>
            </rangeOfDates>
          </temporalCoverage>
              <taxonomicCoverage>
                    <generalTaxonomicCoverage>Ejemplares de aves representados en 19 ordenes distribuidos en 58 familias. La clasificación taxonómica se basó en: Remsen, J. V., Jr., J. I. Areta, C. D. Cadena, A. Jaramillo, M. Nores, J. F. Pacheco, J. Pérez-Emán, M. B. Robbins, F. G. Stiles, D. F. Stotz, and K. J. Zimmer. Version [date]. A classification of the bird species of South America. American Ornithologists&apos; Union. http://www.museum.lsu.edu/~Remsen/SACCBaseline.html. Actualmente 1646 registros identificados hasta la categoría de especie.</generalTaxonomicCoverage>
                    <taxonomicClassification>
                          <taxonRankName>Family</taxonRankName>
                        <taxonRankValue>Cotingidae</taxonRankValue>
                    </taxonomicClassification>
                    <taxonomicClassification>
                          <taxonRankName>Family</taxonRankName>
                        <taxonRankValue>Mimidae</taxonRankValue>
                    </taxonomicClassification>
                    <taxonomicClassification>
                          <taxonRankName>Family</taxonRankName>
                        <taxonRankValue>Cuculidae</taxonRankValue>
                    </taxonomicClassification>
                    <taxonomicClassification>
                          <taxonRankName>Family</taxonRankName>
                        <taxonRankValue>Icteridae</taxonRankValue>
                    </taxonomicClassification>
                    <taxonomicClassification>
                          <taxonRankName>Family</taxonRankName>
                        <taxonRankValue>Thamnophilidae</taxonRankValue>
                    </taxonomicClassification>
                    <taxonomicClassification>
                          <taxonRankName>Family</taxonRankName>
                        <taxonRankValue>Cardinalidae</taxonRankValue>
                    </taxonomicClassification>
                    <taxonomicClassification>
                          <taxonRankName>Family</taxonRankName>
                        <taxonRankValue>Thraupidae</taxonRankValue>
                    </taxonomicClassification>
                    <taxonomicClassification>
                          <taxonRankName>Family</taxonRankName>
                        <taxonRankValue>Furnariidae</taxonRankValue>
                    </taxonomicClassification>
                    <taxonomicClassification>
                          <taxonRankName>Family</taxonRankName>
                        <taxonRankValue>Caprimulgidae</taxonRankValue>
                    </taxonomicClassification>
                    <taxonomicClassification>
                          <taxonRankName>Family</taxonRankName>
                        <taxonRankValue>Picidae</taxonRankValue>
                    </taxonomicClassification>
                    <taxonomicClassification>
                          <taxonRankName>Family</taxonRankName>
                        <taxonRankValue>Columbidae</taxonRankValue>
                    </taxonomicClassification>
                    <taxonomicClassification>
                          <taxonRankName>Family</taxonRankName>
                        <taxonRankValue>Tyrannidae</taxonRankValue>
                    </taxonomicClassification>
                    <taxonomicClassification>
                          <taxonRankName>Family</taxonRankName>
                        <taxonRankValue>Galbulidae</taxonRankValue>
                    </taxonomicClassification>
                    <taxonomicClassification>
                          <taxonRankName>Family</taxonRankName>
                        <taxonRankValue>Psittacidae</taxonRankValue>
                    </taxonomicClassification>
                    <taxonomicClassification>
                          <taxonRankName>Family</taxonRankName>
                        <taxonRankValue>Falconidae</taxonRankValue>
                    </taxonomicClassification>
                    <taxonomicClassification>
                          <taxonRankName>Family</taxonRankName>
                        <taxonRankValue>Strigidae</taxonRankValue>
                    </taxonomicClassification>
                    <taxonomicClassification>
                          <taxonRankName>Family</taxonRankName>
                        <taxonRankValue>Vireonidae</taxonRankValue>
                    </taxonomicClassification>
                    <taxonomicClassification>
                          <taxonRankName>Family</taxonRankName>
                        <taxonRankValue>Alcedinidae</taxonRankValue>
                    </taxonomicClassification>
                    <taxonomicClassification>
                          <taxonRankName>Family</taxonRankName>
                        <taxonRankValue>Accipitridae</taxonRankValue>
                    </taxonomicClassification>
                    <taxonomicClassification>
                          <taxonRankName>Family</taxonRankName>
                        <taxonRankValue>Ramphastidae</taxonRankValue>
                    </taxonomicClassification>
                    <taxonomicClassification>
                          <taxonRankName>Family</taxonRankName>
                        <taxonRankValue>Turdidae</taxonRankValue>
                    </taxonomicClassification>
                    <taxonomicClassification>
                          <taxonRankName>Family</taxonRankName>
                        <taxonRankValue>Podicipedidae</taxonRankValue>
                    </taxonomicClassification>
                    <taxonomicClassification>
                          <taxonRankName>Family</taxonRankName>
                        <taxonRankValue>Ardeidae</taxonRankValue>
                    </taxonomicClassification>
                    <taxonomicClassification>
                          <taxonRankName>Family</taxonRankName>
                        <taxonRankValue>Fringillidae</taxonRankValue>
                    </taxonomicClassification>
                    <taxonomicClassification>
                          <taxonRankName>Family</taxonRankName>
                        <taxonRankValue>Troglodytidae</taxonRankValue>
                    </taxonomicClassification>
                    <taxonomicClassification>
                          <taxonRankName>Family</taxonRankName>
                        <taxonRankValue>Polioptilidae</taxonRankValue>
                    </taxonomicClassification>
                    <taxonomicClassification>
                          <taxonRankName>Family</taxonRankName>
                        <taxonRankValue>Momotidae</taxonRankValue>
                    </taxonomicClassification>
                    <taxonomicClassification>
                          <taxonRankName>Family</taxonRankName>
                        <taxonRankValue>Emberizidae</taxonRankValue>
                    </taxonomicClassification>
                    <taxonomicClassification>
                          <taxonRankName>Family</taxonRankName>
                        <taxonRankValue>Corvidae</taxonRankValue>
                    </taxonomicClassification>
                    <taxonomicClassification>
                          <taxonRankName>Family</taxonRankName>
                        <taxonRankValue>Charadriidae</taxonRankValue>
                    </taxonomicClassification>
                    <taxonomicClassification>
                          <taxonRankName>Family</taxonRankName>
                        <taxonRankValue>Laridae</taxonRankValue>
                    </taxonomicClassification>
                    <taxonomicClassification>
                          <taxonRankName>Family</taxonRankName>
                        <taxonRankValue>Scolopacidae</taxonRankValue>
                    </taxonomicClassification>
                    <taxonomicClassification>
                          <taxonRankName>Family</taxonRankName>
                        <taxonRankValue>Trogonidae</taxonRankValue>
                    </taxonomicClassification>
                    <taxonomicClassification>
                          <taxonRankName>Family</taxonRankName>
                        <taxonRankValue>Bucconidae</taxonRankValue>
                    </taxonomicClassification>
                    <taxonomicClassification>
                          <taxonRankName>Family</taxonRankName>
                        <taxonRankValue>Rallidae</taxonRankValue>
                    </taxonomicClassification>
                    <taxonomicClassification>
                          <taxonRankName>Family</taxonRankName>
                        <taxonRankValue>Hirundinidae</taxonRankValue>
                    </taxonomicClassification>
                    <taxonomicClassification>
                          <taxonRankName>Family</taxonRankName>
                        <taxonRankValue>Rhinocryptidae</taxonRankValue>
                    </taxonomicClassification>
                    <taxonomicClassification>
                          <taxonRankName>Family</taxonRankName>
                        <taxonRankValue>Pipridae</taxonRankValue>
                    </taxonomicClassification>
                    <taxonomicClassification>
                          <taxonRankName>Family</taxonRankName>
                        <taxonRankValue>Rynchopidae</taxonRankValue>
                    </taxonomicClassification>
                    <taxonomicClassification>
                          <taxonRankName>Family</taxonRankName>
                        <taxonRankValue>Trochilidae</taxonRankValue>
                    </taxonomicClassification>
                    <taxonomicClassification>
                          <taxonRankName>Family</taxonRankName>
                        <taxonRankValue>Apodidae</taxonRankValue>
                    </taxonomicClassification>
                    <taxonomicClassification>
                          <taxonRankName>Family</taxonRankName>
                        <taxonRankValue>Phalacrocoracidae</taxonRankValue>
                    </taxonomicClassification>
                    <taxonomicClassification>
                          <taxonRankName>Family</taxonRankName>
                        <taxonRankValue>Fregatidae</taxonRankValue>
                    </taxonomicClassification>
                    <taxonomicClassification>
                          <taxonRankName>Family</taxonRankName>
                        <taxonRankValue>Sulidae</taxonRankValue>
                    </taxonomicClassification>
                    <taxonomicClassification>
                          <taxonRankName>Family</taxonRankName>
                        <taxonRankValue>Anhingidae</taxonRankValue>
                    </taxonomicClassification>
                    <taxonomicClassification>
                          <taxonRankName>Family</taxonRankName>
                        <taxonRankValue>Threskiornithidae</taxonRankValue>
                    </taxonomicClassification>
                    <taxonomicClassification>
                          <taxonRankName>Family</taxonRankName>
                        <taxonRankValue>Pandionidae</taxonRankValue>
                    </taxonomicClassification>
                    <taxonomicClassification>
                          <taxonRankName>Family</taxonRankName>
                        <taxonRankValue>Cracidae</taxonRankValue>
                    </taxonomicClassification>
                    <taxonomicClassification>
                          <taxonRankName>Family</taxonRankName>
                        <taxonRankValue>Jacanidae</taxonRankValue>
                    </taxonomicClassification>
                    <taxonomicClassification>
                          <taxonRankName>Family</taxonRankName>
                        <taxonRankValue>Grallariidae</taxonRankValue>
                    </taxonomicClassification>
                    <taxonomicClassification>
                          <taxonRankName>Family</taxonRankName>
                        <taxonRankValue>Parulidae</taxonRankValue>
                    </taxonomicClassification>
                    <taxonomicClassification>
                          <taxonRankName>Family</taxonRankName>
                        <taxonRankValue>Phasianidae</taxonRankValue>
                    </taxonomicClassification>
                    <taxonomicClassification>
                          <taxonRankName>Family</taxonRankName>
                        <taxonRankValue>Tytonidae</taxonRankValue>
                    </taxonomicClassification>
                    <taxonomicClassification>
                          <taxonRankName>Family</taxonRankName>
                        <taxonRankValue>Motacillidae</taxonRankValue>
                    </taxonomicClassification>
                    <taxonomicClassification>
                          <taxonRankName>Family</taxonRankName>
                        <taxonRankValue>Tityridae</taxonRankValue>
                    </taxonomicClassification>
                    <taxonomicClassification>
                          <taxonRankName>Family</taxonRankName>
                        <taxonRankValue>Donacobiidae</taxonRankValue>
                    </taxonomicClassification>
                    <taxonomicClassification>
                          <taxonRankName>Family</taxonRankName>
                        <taxonRankValue>Steatornithidae</taxonRankValue>
                    </taxonomicClassification>
                    <taxonomicClassification>
                          <taxonRankName>Family</taxonRankName>
                        <taxonRankValue>Odontophoridae</taxonRankValue>
                    </taxonomicClassification>
              </taxonomicCoverage>
      </coverage>
      <purpose>
          <para>Preservar ejemplares de aves colectados principalmente en el territorio de Colombia con el propósito de aportar al conocimiento sobre la biodiversidad del país.</para>
      </purpose>
      <maintenance>
          <description>
              <para></para>
          </description>
          <maintenanceUpdateFrequency>unkown</maintenanceUpdateFrequency>
      </maintenance>
      <contact>
    <individualName>
<givenName>Igor Dimitri</givenName>          <surName>Forero Fuentes</surName>
    </individualName>
<organizationName>Pontificia Universidad Javeriana</organizationName><positionName>Profesor Asociado-Coordinador de Colecciones Biológicas</positionName>    <address>
<deliveryPoint>Carrera 7 No. 40 - 62</deliveryPoint><city>Bogotá, D.C.</city><administrativeArea>Bogotá, D.C.</administrativeArea><country>COLOMBIA</country>    </address>
<phone>(571)3208320</phone><electronicMailAddress>forero-i@javeriana.edu.co</electronicMailAddress><onlineUrl>http://www.javeriana.edu.co/</onlineUrl>      </contact>
      <methods>
            <methodStep>
                <description>
                    <para>Capturas con redes de niebla en donde se ubican en el hábitat seleccionado redes par la captura de aves de sotobosque y dosel. A partir de estas se determinan los individuos a colectar y se procede al acopio de toda la información detallada.

Acopio de pieles por donación debido a accidentes contra estructuras antrópicas, sean estas ventanas o edificios. En donde individuos particulares hacen llegar a la colección ejemplares hallados muertos que desean donar para la colección y su estudio.

Bajo cualquiera de las dos metodologías, una vez el ejemplar es entregado a la colección este es preparado como piel plana de estudio, y se guardan tejidos y contenidos estomacales de manera independiente. Tras el proceso e preparación, los ejemplares son secados en horno a 20C por un tiempo no menor a 72 horas.</para>
                </description>
            </methodStep>
            <sampling>
                <studyExtent>
                    <description>
                        <para>Con una cobertura en el territorio nacional colombiano principalmente. Actualmente los ejemplares cubren 25 departamentos del país.</para>
                    </description>
                </studyExtent>
                <samplingDescription>
                    <para>Los ejemplares que ingresan a la colección de aves son colectados, curados e identificados por expertos del grupo.</para>
                </samplingDescription>
            </sampling>
            <qualityControl>
                <description>
                    <para>Los datos fueron validados y depurados con las herramientas recomendadas por el SiB Colombia para mejorar la calidad de datos. La clasificación taxonómica se basó en: Remsen, J. V., Jr., J. I. Areta, C. D. Cadena, A. Jaramillo, M. Nores, J. F. Pacheco, J. Pérez-Emán, M. B. Robbins, F. G. Stiles, D. F. Stotz, and K. J. Zimmer. Version [date]. A classification of the bird species of South America. American Ornithologists&apos; Union. http://www.museum.lsu.edu/~Remsen/SACCBaseline.html</para>
                </description>
            </qualityControl>
      </methods>

      <project >
          <title>Colección de aves del Museo de Historia Natural de la Pontificia Universidad Javerian</title>
          <personnel>
    <individualName>
<givenName>María Ángela</givenName>          <surName>Echeverry-Galvis</surName>
    </individualName>
    <role>PRINCIPAL_INVESTIGATOR</role>
          </personnel>
          <abstract>
              <para></para>
          </abstract>
          <funding>
              <para>Convenio de Cooperación No. 13-13-014-281 CE entre el Instituto de Investigación de Recursos Biológicos Alexander von Humboldt y la Pontificia Universidad Javeriana.</para>
          </funding>
            <studyAreaDescription>
                <descriptor name="generic" citableClassificationSystem="false">
                    <descriptorValue>Territorio nacional de Colombia principalmente.</descriptorValue>
                </descriptor>
            </studyAreaDescription>
            <designDescription>
                <description>
                    <para>Curar y preservar ejemplares de aves colectados de diferentes actividades como salidas de campo.</para>
                </description>
            </designDescription>
      </project>
</dataset>

<additionalMetadata>
    <metadata>
      <gbif>
        <dateStamp>2020-04-07T21:57:29Z</dateStamp>
      <citation identifier="http://doi.org/10.15472/eoqdl9">Echeverry-Galvis M Á (2018). Colección de aves del Museo de Historia Natural de la Pontificia Universidad Javeriana. Version 5.5. Pontificia Universidad Javeriana. Occurrence dataset https://doi.org/10.15472/eoqdl9 accessed via GBIF.org on 2020-04-07.</citation>
              <bibliography>
      <citation>Remsen, J. V., Jr., J. I. Areta, C. D. Cadena, A. Jaramillo, M. Nores, J. F. Pacheco, J. Pérez-Emán, M. B. Robbins, F. G. Stiles, D. F. Stotz, and K. J. Zimmer. Version [date]. A classification of the bird species of South America. American Ornithologists&apos; Union.</citation>
              </bibliography>
              <resourceLogoUrl>https://s3.amazonaws.com/sib-resources/images/logos-socios/portal-sib/Logo-javeriana.png</resourceLogoUrl>
              <collection>
                <parentCollectionIdentifier>MPUJ</parentCollectionIdentifier>
                <collectionIdentifier>Registro Nacional de Colecciones Biológicas: 12</collectionIdentifier>
                <collectionName>Colección de aves del Museo de Historia Natural de la Pontificia Universidad Javeriana</collectionName>
              </collection>
                <specimenPreservationMethod>OTHER</specimenPreservationMethod>
        </gbif>
    </metadata>
</additionalMetadata>

</eml:eml>
