<?xml version="1.0" encoding="utf-8"?>
<eml:eml xmlns:eml="eml://ecoinformatics.org/eml-2.1.1" xmlns:xsi="http://www.w3.org/2001/XMLSchema-instance"
         xsi:schemaLocation="eml://ecoinformatics.org/eml-2.1.1 http://rs.gbif.org/schema/eml-gbif-profile/1.1/eml.xsd"
        packageId="42749746-3a0c-11e2-b0ce-00145eb45e9a"  system="http://gbif.org" scope="system"
  xml:lang="en">

<dataset>
      <alternateIdentifier>10.15468/tmdppf</alternateIdentifier>
        <alternateIdentifier>8357</alternateIdentifier>
    <title>Ornithologie ZMK</title>
    <associatedParty>
    <individualName>
          <surName>Andreas Allspach</surName>
    </individualName>
    <address>
<deliveryPoint>Senckenberg, Senckenberganlage 25, D-60325 Frankfurt am Main, Germany</deliveryPoint>    </address>
<electronicMailAddress>info_sesam@senckenberg.de</electronicMailAddress>    <role>TECHNICAL_POINT_OF_CONTACT</role>
    </associatedParty>
    <language>en</language>
    <abstract>
        <para>Aves</para>
    </abstract>
      <intellectualRights>
        <para>This work is licensed under a <ulink url="http://creativecommons.org/licenses/by/4.0/legalcode"><citetitle>Creative Commons Attribution (CC-BY) 4.0 License</citetitle></ulink>.</para>
      </intellectualRights>
      <distribution scope="document">
          <online>
              <url function="information">http://zmk.sesam.senckenberg.de/</url>
          </online>
      </distribution>
      <contact>
    <individualName>
          <surName>Dr. Dirk Brandis</surName>
    </individualName>
      </contact>

</dataset>

<additionalMetadata>
    <metadata>
      <gbif>
        <dateStamp>2020-04-07T21:57:27Z</dateStamp>
      <citation>Senckenberg. Ornithologie ZMK. Occurrence dataset https://doi.org/10.15468/tmdppf accessed via GBIF.org on 2020-04-07.</citation>
              <resourceLogoUrl>http://biocase.senckenberg.de/ZMK_Logo.PNG</resourceLogoUrl>
        </gbif>
    </metadata>
</additionalMetadata>

</eml:eml>
