<?xml version="1.0" encoding="utf-8"?>
<eml:eml xmlns:eml="eml://ecoinformatics.org/eml-2.1.1" xmlns:xsi="http://www.w3.org/2001/XMLSchema-instance"
         xsi:schemaLocation="eml://ecoinformatics.org/eml-2.1.1 http://rs.gbif.org/schema/eml-gbif-profile/1.1/eml.xsd"
        packageId="4df57e87-369b-418b-b9a4-5b69fc64857c"  system="http://gbif.org" scope="system"
  xml:lang="es">

<dataset>
      <alternateIdentifier>10.15472/34d3kc</alternateIdentifier>
        <alternateIdentifier>https://ipt.biodiversidad.co/iavh/resource?r=rrbb_coloso_faunaflora_2015</alternateIdentifier>
        <alternateIdentifier>4df57e87-369b-418b-b9a4-5b69fc64857c</alternateIdentifier>
        <alternateIdentifier>http://ipt.biodiversidad.co/iavh/resource?r=rrbb_coloso_faunaflora_2015</alternateIdentifier>
    <title>Caracterización biológica de la ventana de biodiversidad Montes de María, Municipio de Colosó, Sucre, Colombia</title>
    <creator>
    <individualName>
<givenName>Iván Mauricio</givenName>          <surName>Vela Vargas</surName>
    </individualName>
<organizationName>Proyecto de Conservación de Aguas y Tierras - ProCAT Colombia</organizationName><positionName>Coordinador de país</positionName>    <address>
<deliveryPoint>Carrera 13 # 96-82 oficina 205</deliveryPoint><city>Bogotá, D.C.</city><administrativeArea>Bogotá, D.C.</administrativeArea><country>COLOMBIA</country>    </address>
<phone>5233932</phone><electronicMailAddress>mvela@procat-conservation.org</electronicMailAddress><onlineUrl>http://www.procat-conservation.org</onlineUrl>    </creator>
    <metadataProvider>
    <individualName>
<givenName>Iván Mauricio</givenName>          <surName>Vela Vargas</surName>
    </individualName>
<organizationName>Proyecto de Conservación de Aguas y Tierras - ProCAT Colombia</organizationName><positionName>Coordinador de país</positionName>    <address>
<deliveryPoint>Carrera 13 # 96-82 oficina 205</deliveryPoint><city>Bogotá, D.C.</city><administrativeArea>Bogotá, D.C.</administrativeArea><country>COLOMBIA</country>    </address>
<phone>5233932</phone><electronicMailAddress>mvela@procat-conservation.org</electronicMailAddress><onlineUrl>http://www.procat-conservation.org</onlineUrl>    </metadataProvider>
    <associatedParty>
    <individualName>
<givenName>Iván Mauricio</givenName>          <surName>Vela Vargas</surName>
    </individualName>
<organizationName>Proyecto de Conservación de Aguas y Tierras - ProCAT Colombia</organizationName><positionName>Coordinador de país</positionName>    <address>
<deliveryPoint>Carrera 13 # 96-82 oficina 205</deliveryPoint><city>Bogotá, D.C.</city><administrativeArea>Bogotá, D.C.</administrativeArea><country>COLOMBIA</country>    </address>
<phone>5233932</phone><electronicMailAddress>mvela@procat-conservation.org</electronicMailAddress><onlineUrl>http://www.procat-conservation.org</onlineUrl>    <role>USER</role>
    </associatedParty>
    <associatedParty>
    <individualName>
<givenName>Alexandra</givenName>          <surName>Pineda</surName>
    </individualName>
<organizationName>Proyecto de Conservación de Aguas y Tierras - ProCAT Colombia</organizationName><positionName>Investigador mamíferos</positionName>    <address>
<deliveryPoint>Carrera 13 # 96-82 oficina 205</deliveryPoint><city>Bogotá, D.C.</city><administrativeArea>Bogotá, D.C.</administrativeArea><country>COLOMBIA</country>    </address>
<phone>5233932</phone><electronicMailAddress>apineda@procat-conservation.org</electronicMailAddress><onlineUrl>http://www.procat-conservation.org</onlineUrl>    <role>AUTHOR</role>
    </associatedParty>
    <associatedParty>
    <individualName>
<givenName>Hernan</givenName>          <surName>Granda</surName>
    </individualName>
<organizationName>Proyecto de Conservación de Aguas y Tierras - ProCAT Colombia</organizationName><positionName>Investigador herpetos</positionName>    <address>
<deliveryPoint>Carrera 13 # 96-82 oficina 205</deliveryPoint><city>Bogotá, D.C.</city><administrativeArea>Bogotá, D.C.</administrativeArea><country>COLOMBIA</country>    </address>
<electronicMailAddress>hernangrandar@gmail.com</electronicMailAddress><onlineUrl>http://www.procat-conservation.org</onlineUrl>    <role>AUTHOR</role>
    </associatedParty>
    <associatedParty>
    <individualName>
<givenName>Luis Carlos</givenName>          <surName>Peña</surName>
    </individualName>
<organizationName>Proyecto de Conservación de Aguas y Tierras - ProCAT Colombia</organizationName><positionName>Investigador peces</positionName>    <address>
<deliveryPoint>Carrera 13 # 96-82 oficina 205</deliveryPoint><city>Bogotá, D.C.</city><administrativeArea>Bogotá, D.C.</administrativeArea><country>COLOMBIA</country>    </address>
<electronicMailAddress>lcpenablc@gmail.com</electronicMailAddress><onlineUrl>http://www.procat-conservation.org</onlineUrl>    <role>AUTHOR</role>
    </associatedParty>
    <associatedParty>
    <individualName>
<givenName>Luis</givenName>          <surName>Morelo</surName>
    </individualName>
<organizationName>Proyecto de Conservación de Aguas y Tierras - ProCAT Colombia</organizationName><positionName>Investigador plantas</positionName>    <address>
<deliveryPoint>Carrera 13 # 96-82 oficina 205</deliveryPoint><city>Bogotá, D.C.</city><administrativeArea>Bogotá, D.C.</administrativeArea><country>COLOMBIA</country>    </address>
<electronicMailAddress>lamogarcia@gmail.com</electronicMailAddress><onlineUrl>http://www.procat-conservation.org</onlineUrl>    <role>AUTHOR</role>
    </associatedParty>
    <associatedParty>
    <individualName>
<givenName>Camilo</givenName>          <surName>Fernández Rodríguez</surName>
    </individualName>
<organizationName>Proyecto de Conservación de Aguas y Tierras - ProCAT Colombia</organizationName><positionName>Investigador mamíferos</positionName>    <address>
<deliveryPoint>Carrera 13 # 96-82 oficina 205</deliveryPoint><city>Bogotá, D.C.</city><administrativeArea>Bogotá, D.C.</administrativeArea><country>COLOMBIA</country>    </address>
<electronicMailAddress>rcfernandezr@unal.edu.co</electronicMailAddress><onlineUrl>http://www.procat-conservation.org</onlineUrl>    <role>AUTHOR</role>
    </associatedParty>
    <associatedParty>
    <individualName>
<givenName>Sebastian</givenName>          <surName>Jiménez-Alvarado</surName>
    </individualName>
<organizationName>Proyecto de Conservación de Aguas y Tierras - ProCAT Colombia</organizationName><positionName>Investigador mamíferos</positionName>    <address>
<deliveryPoint>Carrera 13 # 96-82 oficina 205</deliveryPoint><city>Bogotá, D.C.</city><administrativeArea>Bogotá, D.C.</administrativeArea><country>COLOMBIA</country>    </address>
<phone>5233932</phone><electronicMailAddress>sjimenez@procat-conservation.org</electronicMailAddress><onlineUrl>http://www.procat-conservation.org</onlineUrl>    <role>AUTHOR</role>
    </associatedParty>
    <associatedParty>
    <individualName>
<givenName>Lina María</givenName>          <surName>Mesa Salazar</surName>
    </individualName>
<organizationName>Instituto de Investigación de Recursos Biológicos Alexander von Humboldt</organizationName><positionName>Investigadora peces</positionName>    <address>
<deliveryPoint>Avenida Paseo Bolívar 16-20</deliveryPoint><city>Bogotá, D.C.</city><administrativeArea>Bogotá, D.C.</administrativeArea><country>COLOMBIA</country>    </address>
<phone>3006724147</phone><electronicMailAddress>lmesa@humboldt.org.co</electronicMailAddress><onlineUrl>http://humboldt.org.co/</onlineUrl>    <role>AUTHOR</role>
    </associatedParty>
    <associatedParty>
    <individualName>
<givenName>María Fernanda</givenName>          <surName>González</surName>
    </individualName>
<organizationName>Instituto de Investigación de Recursos Biológicos Alexander von Humboldt</organizationName><positionName>Investigadora plantas</positionName>    <address>
<deliveryPoint>Avenida Paseo Bolívar 16-20</deliveryPoint><city>Bogotá, D.C.</city><administrativeArea>Bogotá, D.C.</administrativeArea><country>COLOMBIA</country>    </address>
<phone>3163077348</phone><electronicMailAddress>mgonzalez@humboldt.org.co</electronicMailAddress><onlineUrl>http://humboldt.org.co/</onlineUrl>    <role>AUTHOR</role>
    </associatedParty>
    <associatedParty>
    <individualName>
<givenName>Sandra Patricia</givenName>          <surName>Medina</surName>
    </individualName>
<organizationName>nstituto de Investigación de Recursos Biológicos Alexander von Humboldt</organizationName><positionName>Investigadora flora</positionName>    <address>
<deliveryPoint>Carrera 8 #15-08</deliveryPoint><city>Villa de Leyva</city><administrativeArea>Boyacá</administrativeArea><country>COLOMBIA</country>    </address>
<phone>3134894922</phone><electronicMailAddress>spmedina@humboldt.org.co</electronicMailAddress><onlineUrl>http://humboldt.org.co/</onlineUrl>    <role>AUTHOR</role>
    </associatedParty>
    <associatedParty>
    <individualName>
<givenName>Fernando</givenName>          <surName>Forero</surName>
    </individualName>
<organizationName>Instituto de Investigación de Recursos Biológicos Alexander von Humboldt</organizationName><positionName>Investigador aves</positionName>    <address>
<deliveryPoint>Carrera 8 #15-08</deliveryPoint><city>Villa de Leyva</city><administrativeArea>Boyacá</administrativeArea><country>COLOMBIA</country>    </address>
<phone>3132963189</phone><electronicMailAddress>fforero@humboldt.org.co</electronicMailAddress><onlineUrl>http://humboldt.org.co/</onlineUrl>    <role>AUTHOR</role>
    </associatedParty>
    <associatedParty>
    <individualName>
<givenName>María del Socorro</givenName>          <surName>Sierra</surName>
    </individualName>
<organizationName>Instituto de Investigación de Recursos Biológicos Alexander von Humboldt</organizationName><positionName>Investigadora aves</positionName>    <address>
<deliveryPoint>Carrera 8 #15-08</deliveryPoint><city>Villa de Leyva</city><administrativeArea>Boyacá</administrativeArea><country>COLOMBIA</country>    </address>
<phone>3202252015</phone><electronicMailAddress>msierra@humboldt.org.co</electronicMailAddress><onlineUrl>http://humboldt.org.co/</onlineUrl>    <role>AUTHOR</role>
    </associatedParty>
    <associatedParty>
    <individualName>
<givenName>Federico</givenName>          <surName>Pardo</surName>
    </individualName>
<organizationName>Instituto de Investigación de Recursos Biológicos Alexander von Humboldt</organizationName><positionName>Fotógrafo</positionName>    <address>
<deliveryPoint>Avenida Paseo Bolívar 16-20</deliveryPoint><city>Bogotá, D.C.</city><administrativeArea>Bogotá, D.C.</administrativeArea><country>COLOMBIA</country>    </address>
<phone>3102221378</phone><electronicMailAddress>fpardo@humboldt.org.co</electronicMailAddress><onlineUrl>http://humboldt.org.co/</onlineUrl>    <role>AUTHOR</role>
    </associatedParty>
    <associatedParty>
    <individualName>
<givenName>German</givenName>          <surName>Corzo</surName>
    </individualName>
<organizationName>Instituto de Investigaciones Biológicas Alexander von Humboldt</organizationName><positionName>Investigador Titular</positionName>    <address>
<deliveryPoint>Calle 28A # 15-09</deliveryPoint><city>Bogotá, D.C.</city><administrativeArea>Bogotá, D.C.</administrativeArea><country>COLOMBIA</country>    </address>
<electronicMailAddress>gcorzo@humboldt.org.co</electronicMailAddress><onlineUrl>http://humboldt.org.co/</onlineUrl>    <role>POINT_OF_CONTACT</role>
    </associatedParty>
    <associatedParty>
    <individualName>
<givenName>Javier</givenName>          <surName>Barriga Bernal</surName>
    </individualName>
<organizationName>Instituto de Investigación de Recursos Biológicos Alexander von Humboldt</organizationName><positionName>Coordinador regional</positionName>    <address>
<deliveryPoint>Calle 28A # 15-09</deliveryPoint><city>Bogotá, D.C.</city><administrativeArea>Bogotá, D.C.</administrativeArea><country>COLOMBIA</country>    </address>
<phone>3123975784</phone><electronicMailAddress>jbarriga@humboldt.org.co</electronicMailAddress><onlineUrl>http://humboldt.org.co/</onlineUrl>    <role>POINT_OF_CONTACT</role>
    </associatedParty>
    <associatedParty>
    <individualName>
<givenName>Angélica</givenName>          <surName>Díaz Pulido</surName>
    </individualName>
<organizationName>Instituto de Investigación de Recursos Biológicos Alexander von Humboldt</organizationName><positionName>Investigadora vertebrados</positionName>    <address>
<deliveryPoint>Calle 28A # 15-09</deliveryPoint><city>Bogotá, D.C.</city><administrativeArea>Bogotá, D.C.</administrativeArea><country>COLOMBIA</country>    </address>
<electronicMailAddress>adiaz@humboldt.org.co</electronicMailAddress><onlineUrl>http://humboldt.org.co/</onlineUrl>    <role>AUTHOR</role>
    </associatedParty>
    <associatedParty>
    <individualName>
<givenName>Jean David</givenName>          <surName>Varilla Gonzalez</surName>
    </individualName>
<organizationName>Proyecto de Conservación de Aguas y Tierras - ProCAT Colombia</organizationName><positionName>Auxiliar plantas</positionName>    <address>
<deliveryPoint>Carrera 13 # 96-82 oficina 205</deliveryPoint><city>Bogotá, D.C.</city><administrativeArea>Bogotá, D.C.</administrativeArea><country>COLOMBIA</country>    </address>
<electronicMailAddress>jvarillabiologia@gmail.com</electronicMailAddress><onlineUrl>http://www.procat-conservation.org</onlineUrl>    <role>AUTHOR</role>
    </associatedParty>
    <associatedParty>
    <individualName>
          <surName>Infraestructura Institucional de Datos</surName>
    </individualName>
<organizationName>Instituto de Investigación de Recursos Biológicos Alexander von Humbold</organizationName>    <address>
<deliveryPoint>Calle 28A No. 15-09</deliveryPoint><city>Bogotá, D.C.</city><administrativeArea>Bogotá, D.C.</administrativeArea><country>COLOMBIA</country>    </address>
<phone>57 13202767</phone><electronicMailAddress>i2d@humboldt.org.co</electronicMailAddress><onlineUrl>http://www.humboldt.org.co</onlineUrl>    <role>CUSTODIAN_STEWARD</role>
    </associatedParty>
      <pubDate>
      2019-06-26
      </pubDate>
    <language>SPANISH</language>
    <abstract>
        <para>Se realizo un inventario de la biodiversidad en las áreas operativas de Ecopetrol en la estación primatológica: Municipio de Colosó, vereda La Esmeralda (09°32’33’’N, 75°20’50’’W, 180 a 260 m); con el fin de obtener un listado de especie prioritarias para la conservación y a su vez generar un conjunto de lineamientos para cada grupo analizado. El inventario se realizo para plantas utilizando diferentes métodos como recorridos libres y perfiles ribereños; otro de los grupos analizados fue el de peces utilizando el chinchorro para la captura de los individuos; los anfibios y reptiles fueron analizados y capturados mediante la técnica muestreo de encuentro visual libre (VES); los mamíferos fueron identificados mediante la utilización de redes de niebla y trampas sherman; las aves fueron capturadas registradas por medio de redes de niebla y recorridos visuales libres. Dentro de los resultados el componente de plantas registró un total de 186 individuos, distribuidos en 65 familias, 150 géneros y 179 especies vegetales. Para el componente de peces se registraron un total de 298 individuos distribuidos en 13 especies, ocho familias y cinco órdenes.Los anfibios en el área de estudio estuvieron representados por el orden Anura, siete familias, 13 especies y 51 individuos; para los reptiles se registraron dos órdenes, 11 familias, 24 especies y 63 individuos; Los mamíferos obtuvieron un total de 142 individuos, que corresponde a un total de 18 especies pertenecientes a dos familias para mamíferos voladores, en cuanto a pequeños mamíferos no voladores se capturó un total de 7 individuos, 3 especies, que corresponden a 2 familias. Por ultimo se obtuvieron un total 424 registros distribuidos en 132 especies de aves, distribuidas en 38 familias y 18 órdenes.</para>
    </abstract>
        <keywordSet>
              <keyword>sherman</keyword>
              <keyword>redes de niebla</keyword>
              <keyword>objetos de conservación</keyword>
              <keyword>mamíferos</keyword>
              <keyword>reptiles</keyword>
              <keyword>metadatos</keyword>
              <keyword>anfibios</keyword>
              <keyword>flora</keyword>
              <keyword>Ocurrencia</keyword>
              <keyword>Colosó</keyword>
              <keyword>aves</keyword>
              <keyword>recorridos libres</keyword>
              <keywordThesaurus>N/A</keywordThesaurus>
        </keywordSet>
        <keywordSet>
              <keyword>Occurrence</keyword>
              <keywordThesaurus>GBIF Dataset Type Vocabulary: http://rs.gbif.org/vocabulary/gbif/dataset_type.xml</keywordThesaurus>
        </keywordSet>
        <keywordSet>
              <keyword>Specimen</keyword>
              <keywordThesaurus>GBIF Dataset Subtype Vocabulary: http://rs.gbif.org/vocabulary/gbif/dataset_subtype.xml</keywordThesaurus>
        </keywordSet>
      <additionalInfo>
          <para>Asociados a esta base de datos se encuentran los siguientes documentos: Documento de lineamientos de conservación para los OdC e informe final.</para>
      </additionalInfo>
      <intellectualRights>
        <para>This work is licensed under a <ulink url="http://creativecommons.org/licenses/by-nc/4.0/legalcode"><citetitle>Creative Commons Attribution Non Commercial (CC-BY-NC) 4.0 License</citetitle></ulink>.</para>
      </intellectualRights>
      <distribution scope="document">
          <online>
              <url function="information">http://ipt.biodiversidad.co/iavh/resource.do?r=rrbb_coloso_faunaflora_2015</url>
          </online>
      </distribution>
      <coverage>
            <geographicCoverage>
                  <geographicDescription>La estación primatológica de CARSUCRE, se localiza en las estribaciones surorientales de los Montes de María o serranía de San Jacinto que pertenece a las estribaciones septentrionales de la serranía de San Jerónimo, en los departamentos de Sucre y Bolívar (Galván-Guevara 2009).</geographicDescription>
                  <boundingCoordinates>
                      <westBoundingCoordinate>-75.41</westBoundingCoordinate>
                      <eastBoundingCoordinate>-75.29</eastBoundingCoordinate>
                      <northBoundingCoordinate>9.6</northBoundingCoordinate>
                      <southBoundingCoordinate>9.47</southBoundingCoordinate>
                  </boundingCoordinates>
            </geographicCoverage>
          <temporalCoverage>
            <rangeOfDates>
              <beginDate>
                <calendarDate>      2014-10-17
</calendarDate>
              </beginDate>
              <endDate>
                <calendarDate>      2014-10-23
</calendarDate>
              </endDate>
            </rangeOfDates>
          </temporalCoverage>
              <taxonomicCoverage>
                    <generalTaxonomicCoverage>Se registraron un total 875 individuos, identificando 382 especies discriminadas de la siguiente forma: 179 especies de plantas, 13 especies de peces óseos, 13 especies de anfibios, 132 especies de aves, 21 especies de mamíferos y 24 especies de reptiles.</generalTaxonomicCoverage>
                    <taxonomicClassification>
                          <taxonRankName>Class</taxonRankName>
                        <taxonRankValue>Aves</taxonRankValue>
                    </taxonomicClassification>
                    <taxonomicClassification>
                          <taxonRankName>Class</taxonRankName>
                        <taxonRankValue>Reptilia</taxonRankValue>
                    </taxonomicClassification>
                    <taxonomicClassification>
                          <taxonRankName>Class</taxonRankName>
                        <taxonRankValue>Amphibia</taxonRankValue>
                    </taxonomicClassification>
                    <taxonomicClassification>
                          <taxonRankName>Class</taxonRankName>
                        <taxonRankValue>Mammalia</taxonRankValue>
                    </taxonomicClassification>
                    <taxonomicClassification>
                          <taxonRankName>Class</taxonRankName>
                        <taxonRankValue>Actinopterygii</taxonRankValue>
                    </taxonomicClassification>
                    <taxonomicClassification>
                          <taxonRankName>Class</taxonRankName>
                        <taxonRankValue>Magnoliopsida</taxonRankValue>
                    </taxonomicClassification>
                    <taxonomicClassification>
                          <taxonRankName>Class</taxonRankName>
                        <taxonRankValue>Liliopsida</taxonRankValue>
                    </taxonomicClassification>
                    <taxonomicClassification>
                          <taxonRankName>Class</taxonRankName>
                        <taxonRankValue>Polypodiopsida</taxonRankValue>
                    </taxonomicClassification>
              </taxonomicCoverage>
      </coverage>
      <purpose>
          <para>Formular participativamente un conjunto de lineamientos en materia de manejo y conservación de la matriz de bosque seco en los montes de maría, a través de la investigación de indicadores biológicos agrupados en componentes taxonómicos de estudio en recorridos en campo y métodos de captura; que converjan en directrices para la protección y conservación del área, lo cual derive en la provisión de servicios ambientales a nivel local y regional.</para>
      </purpose>
      <maintenance>
          <description>
              <para></para>
          </description>
          <maintenanceUpdateFrequency>unkown</maintenanceUpdateFrequency>
      </maintenance>
      <contact>
    <individualName>
<givenName>German</givenName>          <surName>Corzo</surName>
    </individualName>
<organizationName>Instituto de Investigaciones Biológicas Alexander von Humboldt</organizationName><positionName>Investigador Titular</positionName>    <address>
<deliveryPoint>Calle 28A # 15-09</deliveryPoint><city>Bogotá, D.C.</city><administrativeArea>Bogotá, D.C.</administrativeArea><country>COLOMBIA</country>    </address>
<electronicMailAddress>gcorzo@humboldt.org.co</electronicMailAddress><onlineUrl>http://humboldt.org.co/</onlineUrl>      </contact>
      <methods>
            <methodStep>
                <description>
                    <para>Plantas: Se aplicaron dos métodos diferentes: el primero, fueron recorridos intensivos y detallados en los que se abarcó  la mayor cobertura de las áreas de muestreo, colectando el material vegetal en estado reproductivo y registrando las características morfológicas, ecológicas y geográficas más importantes que permitieran su determinación taxonómica. El segundo método consistió en realizar perfiles para bosque ribereño mediante transectos de 50 m X 2 m, colectaron muestras de referencia y se elaborando un perfil esquemático para ilustrar los estratos, la altura y la cobertura vegetal. 
Además, se tomaron muestras de tejido y se hicieron descripciones preliminares del estado de las poblaciones de algunas especies (OdCs y otras especies importantes). 
La identificación de los especímenes se realizó al finalizar cada jornada de trabajo, luego de procesar el material, acudiendo a botánicos especialistas, artículos y claves taxonómicas que permitieron la categorización de ejemplares vegetales asociados a este tipo de ecosistemas (Gentry, 1993). 
El material colectado completó su proceso en el Herbario de la Universidad de Córdoba (HUC),  ubicado en la ciudad de Montería para ser ingresado a la colección de referencia, y sus excicados fueron depositados en el Herbario Federico Medem Bogotá (FMB), con copias a los herbarios HUC, JAUM y HEUS, bajo la denominación María Fernanda González (MFG), seguida del número de colección respectivo. Se realizó una nueva revisión del material determinado en campo apoyados con bibliografía especializada, con el objetivo de verificar la distribución potencial de los ejemplares colectados y su correcta identificación  (Mahecha, 1997; Martinez y Rodriguez, 1998; Barbosa et al., 2008; Rangel, 2012; Rangel et al., 2012; Rodriguez et al., 2012; Hoyos et al., 2013).</para>
                </description>
            </methodStep>
            <methodStep>
                <description>
                    <para>Peces: Estaciones de muestreo:
De acuerdo a las observaciones realizadas durante el trabajo de campo del presente informe,  los cuerpos de agua lóticos analizados en la zona pueden ser descritos de manera general de acuerdo a las siguientes características: Presentan un nivel de conductividad alto, con un rango registrado de 541 a 1820 µS.cm-1,  con un pH básico con valores de 8,10 a 8,45 y niveles de oxígeno disuelto de 5,1 a 6,6 mg/L. De forma general se presenta un bosque de galería denso de porte arbóreo, aguas cristalinas o ligeramente turbias y acumulaciones calcáreas en rocas expuestas y caídas de agua.
Se seleccionaron 10 estaciones de muestreo correspondientes a los arroyos Colosó, Pajonal, Pichilín, Sereno y Pedregal ubicados en los municipios de Colosó y Chalán (Sucre).
En cada estación se llevó a cabo la medición de parámetros fisicoquímicos con un multiparámetro Hanna 98130 y un test kit de oxígeno disuelto HI3810.
Se utilizó un chinchorro de 5 metros de longitud y 1 mm de  entrenudo con arrastres a favor de la corriente en sectores sin empalizadas en un periodo efectivo de una hora en promedio por estación de muestreo.  En las zonas en donde se presentaron pozos y cauces amplios, libres de empalizadas se usó una atarraya de 1,5 metros de radio y una pulgada de entrenudo con el mismo esfuerzo de muestreo. 
Los individuos capturados fueron preservados en formol al 10 % en frascos de vidrio con la etiqueta correspondiente a cada estación de muestreo y arte de pesca empleada. Para cada morfoespecie se realizaron fotografías de los individuos previos a su preservación en formol. Se tomaron muestras de tejido de aletas y músculo dorsal de algunos individuos que se preservaron en alcohol al 95% en tubos eppendorf.
Las muestras preservadas fueron analizadas en laboratorio en donde se separaron todas las morfoespecies y se realizó la determinación taxonómica con las claves y descripciones de Dahl (1971), Miles (1971). El material determinado fue etiquetado y enviado a la colección biológica del Instituto Alexander von Humboldt (IAvH) en Villa de Leyva (Boyacá).</para>
                </description>
            </methodStep>
            <methodStep>
                <description>
                    <para>Herpetos: se realizaron muestreos mediante búsqueda por encuentro casual (Crump &amp; Scott 1994). Este consiste en hacer recorridos en el área aleatoriamente buscando en todos los lugares posibles activamente individuos en la vegetación, hojarasca entre otros lugares.
Se realizaron caminatas en las horas del día y en las horas de la noche iniciando desde las 07:00 h hasta las 11:00 h y entre las 18:00 h hasta las 22:00 h para un total de esfuerzo de muestreo de 56 horas/hombre. A cada individuo se le registró datos morfométricos (longitud rostro cloaca LRC y peso) hora de captura, microhábitat y actividad (canto, amplexus, reposo, etc.).
Además se realizó registro e identificación de especies de anuros a través de cantos así como capturas manuales (anfibios y reptiles), con lazada (con una caña de pescar, en el caso de reptiles) y mediante la utilización de ganchos herpetológicos para serpientes, para su posterior identificación y un registro fotográfico del individuo capturado o avistado
Los anfibios capturados se sacrificaron en una cámara con solución de clorobutanol al 10%; en el caso de los reptiles se inyectó xilocaína a nivel intratoráccico. No se sacrificaron tortugas y cocodrilianos en este estudio. Todos los testigos fueron depositados en la Colección de anfibios y reptiles del Instituto von Humboldt y la universidad del Magdalena.</para>
                </description>
            </methodStep>
            <methodStep>
                <description>
                    <para>Mamíferos: La captura de murciélagos se llevó a cabo mediante redes de niebla con un promedio de 240 metros-red hora (mrh) durante siete días en la Estación Primates-Montes de María para un total de 1680 mrh. 
Las redes fueron instaladas en el sotobosque, entre 0 y 3 m de altura, la distribución de las redes dentro de cada una de las estaciones se realizó aprovechando posibles sitios de paso para murciélagos dentro de la vegetación como senderos, fuentes de agua, en los bordes del bosque, fuentes de alimento, entre otros. Las redes permanecieron abiertas un promedio de 4 horas por noche entre las 18:00 a las 22:00 horas, periodo de mayor actividad entre los murciélagos filostómidos del neotrópico.
Para cuantificar el esfuerzo de captura se calculó el producto del total de metros-red (sumando los de cada noche de evaluación) por el total de horas trabajadas (Medellín 1993), para obtener el total de metros-red por hora (M x H).
Pequeños mamíferos no voladores (PMNV): 
Para PMNV se ubicó dos transectos de 25 trampas tipo Sherman. El esfuerzo de muestreo medido en trampas-noche, fue de un total de 350 trampas noche. Las trampas se ubicaron a una distancia de 5 metros, aproximadamente, entre cada una de las trampas dentro de cada uno de los transectos, aunque la ubicación de cada uno de los transectos fue aleatoria, las trampas se ubicaron, dentro del transecto, sobre sitios que mejoraran las probabilidades de captura de especímenes (arbustos, senderos, madrigueras, entre otros). Las trampas fueron cebadas y revisadas una vez al día durante horas de la mañana. El cebo fue una mezcla de diferentes ingredientes (avena, mantequilla de maní, pescado y esencias) utilizadas comúnmente en diferentes trabajos con PMNV. 
Los animales capturados se depositaron en bolsas de tela, posteriormente fueron identificados, fotografiados y liberados. Se anotaron datos para confirmar la identificación relacionada con la morfología corporal y las medidas morfométricas convencionales para mamíferos como longitud total, longitud de la cola, longitud de la pata, longitud de la oreja y peso; también se anotaron datos de sexo, edad, categoría de edad y estado reproductivo. Se recolectaron algunos individuos para formar una colección de referencia que se depositará en la colección de mamíferos del Instituto de Investigación de Recursos Biológicos Alexander von Humboldt (IAvH). El orden taxonómico sigue a Wilson &amp; Reeder (2005).</para>
                </description>
            </methodStep>
            <methodStep>
                <description>
                    <para>Aves: Para realizar el inventario de la avifauna presente en los sitios de estudio, se aplicaron dos metodologías complementarias, las cuales permitieron obtener la mayor cantidad de información sobre las especies presentes, y así realizar el inventario más completo de aves de los Montes de María. Se realizaron recorridos y se dispusieron redes de niebla para realizar captura, medición y en los casos que el espécimen no estuviera en colección este fue colectado. Estas dos metodologías se realizaron en los dos lugares de muestreo dentro de la ventana.
Se utilizaron siete redes de niebla de 12 x 3 m de largo y 16 mm de diámetro de ojo de malla. Las redes permanecieron abiertas entre las 06:00 y 10:00 horas y fueron ubicadas en las dos zonas seleccionadas que correspondía a Bosque seco Tropical. Fueron revisadas cada 30 minutos con el fin de evitar la muerte de los individuos por estrés. Las aves capturadas en la red fueron identificadas hasta especie, su estado reproductivo y señales de muda fueron registradas en un formato de campo, se tomó registro fotográfico y finalmente fueron liberados o colectados. Los individuos sacrificados fueron ingresados a la colección de aves del Instituto Alexander Von Humboldt con sus muestras de tejido correspondientes (Musculo).

Al mismo tiempo se realizaron detecciones visuales por medio de recorridos aleatorios en horas de la mañana (6:00 a 10:00) utilizando binoculares Nikon Monarch 10 x 42, para garantizar observación e identificación precisa. Este método consiste en realizar anotaciones de las especies de aves que se detectan mientras se recorre un sendero.</para>
                </description>
            </methodStep>
            <sampling>
                <studyExtent>
                    <description>
                        <para>La estación primatológica de CARSUCRE (9° 32’ 10.20”N, 75° 21’ 0.60” W), se localiza en las estribaciones surorientales de los Montes de María o serranía de San Jacinto que pertenece a las estribaciones septentrionales de la serranía de San Jerónimo, en los departamentos de Sucre y Bolívar (Galván-Guevara 2009). Su geografía combina valles y montañas escarpadas que oscilan entre los 200 y 700 msnm (Alcaldía de Colosó 2008). Su formación geológica está conformada por rocas del Cretácico Superior y mantos de arcillas, arenas y calizas del Eoceno-Mioceno (IGAC 1969). La vegetación en el área corresponde a la formación de bosque seco tropical y se estima que fue una de las zonas que contó con mayor extensión y exuberancia de bosque seco en la región del Caribe por el tipo de suelos que posee de origen marino que son de gran fertilidad (Galvis y Mesa 2014).
La red hidrológica del municipio de Colosó donde se centran las actividades del presente estudio, está determinada por la microcuenca del arroyo Colosó que tiene una extensión de 101,06 km con nacimiento en el arroyo Pitalcito a 600 msnm y desembocadura sobre el arroyo Pichilín (Alcaldía de Colosó 2008).  La mayor parte de las corrientes y arroyos menores que alimentan la microcuenca del arroyo Colosó, son estacionales y presentan flujo de agua solo en periodos de lluvias.</para>
                    </description>
                </studyExtent>
                <samplingDescription>
                    <para>Entre los días 17 y 23 de octubre de 2014 se realizó el muestreo y colecta de las plantas, peces, mamíferos, aves, reptiles y anfibios. Para la caracterización botánica se hicieron perfiles ribereños y recorridos libres. El muestreo de mamíferos se hizo mediante redes de niebla para la captura de mamíferos voladores, trampas Sherman para la captura de pequeños mamíferos terrestres. Para el componente de peces se realizaron puntos de muestreo, donde se capturaron individuos por medio de atarraya y pesca artificial. En el caso de la caracterización de la avifauna se empleó redes de niebla para la captura y recorridos libres. Por último los métodos de muestreo para la caracterización de anfibios y reptiles consistieron en recorridos libres diurnos y nocturnos, buscando en cada uno de los microhábitats potenciales para herpetos y en todos los gradientes de sustrato (hojarasca, rasante, herbáceo, arbóreos).</para>
                </samplingDescription>
            </sampling>
      </methods>

      <project >
          <title>Planeación ambiental para la conservación de la biodiversidad en las áreas operativas de Ecopetrol</title>
          <personnel>
    <individualName>
<givenName>Iván Mauricio</givenName>          <surName>Vela Vargas</surName>
    </individualName>
    <role>CONTENT_PROVIDER</role>
          </personnel>
          <abstract>
              <para></para>
          </abstract>
          <funding>
              <para>Instituto Humboldt - Ecopetrol S.A. (Convenio 5211478-IAvH 12-067) Instituto Humboldt – Proyecto de Conservación de Aguas y Tierras (Convenio de Cooperación Nº. 14-12-067-248CE)</para>
          </funding>
            <studyAreaDescription>
                <descriptor name="generic" citableClassificationSystem="false">
                    <descriptorValue>La estación primatológica de CARSUCRE (9° 32’ 10.20”N, 75° 21’ 0.60” W), se localiza en las estribaciones surorientales de los Montes de María o serranía de San Jacinto que pertenece a las estribaciones septentrionales de la serranía de San Jerónimo, en los departamentos de Sucre y Bolívar (Galván-Guevara 2009). Su geografía combina valles y montañas escarpadas que oscilan entre los 200 y 700 msnm (Alcaldía de Colosó 2008). Su formación geológica está conformada por rocas del Cretácico Superior y mantos de arcillas, arenas y calizas del Eoceno-Mioceno (IGAC 1969). La vegetación en el área corresponde a la formación de bosque seco tropical y se estima que fue una de las zonas que contó con mayor extensión y exuberancia de bosque seco en la región del Caribe por el tipo de suelos que posee de origen marino que son de gran fertilidad (Galvis y Mesa 2014).</descriptorValue>
                </descriptor>
            </studyAreaDescription>
            <designDescription>
                <description>
                    <para>Aunar esfuerzos técnicos y administrativos para caracterizar y describir los objetos de conservación de grano fino en a escala 1:25000 que fueron priorizados a partir de la escala 1:100000 grano grueso y otros emergentes y, definir lineamientos de manejo, así como los actores de conservación para el área de trabajo establecida en la región caribe, del proyecto &quot;planeación ambiental para la conservación de la biodiversidad en la áreas activas del Ecopetrol&quot;, suscrito entre el Ecopetrol y el instituto Humboldt.</para>
                </description>
            </designDescription>
      </project>
</dataset>

<additionalMetadata>
    <metadata>
      <gbif>
        <dateStamp>2020-04-07T21:57:34Z</dateStamp>
      <citation identifier="http://doi.org/10.15472/34d3kc">Vela Vargas I M (2019). Caracterización biológica de la ventana de biodiversidad Montes de María, Municipio de Colosó, Sucre, Colombia. Version 1.2. Instituto de Investigación de Recursos Biológicos Alexander von Humboldt. Occurrence dataset https://doi.org/10.15472/34d3kc accessed via GBIF.org on 2020-04-07.</citation>
              <bibliography>
      <citation>ALCALDÍA DE COLOSÓ. 2008. PLAN DE DESARROLLO 2008- 2011. Colosó (Sucre). 170 p.</citation>
      <citation>Barbosa, C.C., Ruiz, A., García, Q. H y Gutiérrez. 2008. In: Rodríguez-Mahecha, J.V y Márquez, W (eds). Guía ilustrada de plantas destacadas del santuario de vida silvestre Los Besotes, Valledupar, Cesar, Colombia. Con descripciones y anotaciones sobre distribución, aspectos ecológicos y usos locales. Serie de guías tropicales de campo N°8, Conservación Internacional. Editorial Panamericana, Formas e Impresos. Bogotá, Colombia. 246 pp.</citation>
      <citation>Crump ML, &amp; Scott NG. 1994. Standard techniques for inventory and monitoring. Pp: 77-171. In: Editors, Heyer MA, Donelly RW, McDiarmid LA, Hayek C, Foster MS. Measuring and Monitoring Biological. Standard Methods for Amphibians. Smithsonian Institution Press, Washington, USA.</citation>
      <citation>Dahl G. 1971. Los peces del norte de Colombia. Ministerio de Agricultura, Instituto de Desarrollo de los Recursos Naturales Renovables (INDERENA). Talleres Litografía Arco. Bogotá D.C., Colombia. 391 pp.</citation>
      <citation>Galván-Guevara S, de la Ossa-Velásquez J. 2009. Herpetofauna registrada para el área de influencia de la reserva forestal protectora serranía de coraza, Colosó, Sucre, Colombia. Revista Colombiana de Ciencias Animales 1 (2): 250-258.</citation>
      <citation>Galvis G. Y Mesa L. 2014 Consideraciones históricas sobre la distribución actual del bosque seco en Colombia. En: Pizano, C y H. García (Editores). 2014. El Bosque Seco Tropical en Colombia. Instituto de Investigación de Recursos Biológicos Alexander von Humboldt (IAvH). Bogotá, D.C., Colombia. 349 p.</citation>
      <citation>Gentry, A. 1993. A Field Guide to the Families and Genera of Woody Plants of North west South America: (Colombia, Ecuador, Peru). Conservation International. University of Chicago Press Edition.USA. 492 pp.</citation>
      <citation>Hoyos, S.E., Idárraga, A., Betancur, J y Upegüi, A. 2013. Costa y Bosque: plantas del Chocó, Darién-Caribe. Guía Ilustrada. Corporación fragmento. Medellín, Colombia. 187 pp.</citation>
      <citation>IGAC. 1969. Monografía del departamento de Sucre. Oficina de Estudios Geográficos. Bogotá.</citation>
      <citation>Mahecha, V. G. 1997. Fundamentos y Metodologías para la Identificación de Plantas. Proyecto Biopacífico: Ministerio del Medio Ambiente-GEF-PNUD-IAvH. Santa Fe Bogotá D. C. Colombia. 282 pp.</citation>
      <citation>Martínez, R. R. y Rodríguez, G.P. 1998. Armando Dugand Gnecco: Geobotánica. Botánica y Ecología Vegetal. Corporación Autónoma Regional del Atlántico. Barranquilla. Colombia. 333 pp.</citation>
      <citation>Medellín, R.A. 1993. Estructura y diversidad de una comunidad de murciélagos en el trópico húmedo mexicano. Avances En El Estudio de Los Mamíferos de México (eds Medellín R.A. &amp; G. Ceballos), pp. 333–354. Asociación Mexicana de Mastozoología, A.C., México, D.F.</citation>
      <citation>Miles C. 1971. Los peces del río Magdalena. Ministerio de Economía Nacional, Sección de piscicultura, pesca y caza. Bogotá, Colombia. 242 pp.</citation>
      <citation>Rangel, Ch. J., Cortés D. y Carvajal. J.E. 2012. La Biodiversidad de Municipios de la región Caribe de Colombia. En: J.O. Rangel-Ch., J. Aguirre-C. &amp; C.L. Rodríguez (eds). Ministerio de Ambiente y Desarrollo Sostenible-Universidad Nacional de Colombia, Instituto de Ciencias Naturales. Bogotá D. C. Colombia. 713 pp.</citation>
      <citation>Rodríguez, M. G., Banda, R. K., Reyes B. S. y Estupiñán, G. 2012. Lista comentada de las plantas vasculares de bosques secos prioritarios para la conservación en los departamentos de Atlántico y Bolívar (Caribe colombiano). Biota Colombiana 12:2. Bogotá D.C. Colombia 7-39 pp.</citation>
      <citation>Wilson, D. E., and D. M. Reeder. 2005. Mammal Species of the World. Johns Hopkins University Press, 2,142 pp.</citation>
              </bibliography>
              <physical>
                  <objectName>Caracterización biológica de la ventana de biodiversidad Montes de María, Municipio de Colosó, Sucre, Colombia</objectName>
                  <characterEncoding>UTF-8</characterEncoding>
                  <dataFormat>
                      <externallyDefinedFormat>
                          <formatName>txt</formatName>
                      </externallyDefinedFormat>
                  </dataFormat>
                  <distribution>
                      <online>
                          <url function="download">http://i2d.humboldt.org.co/ceiba/resource.do?r=rrbb_coloso_faunaflora_2015</url>
                      </online>
                  </distribution>
              </physical>
              <resourceLogoUrl>https://s3.amazonaws.com/sib-resources/images/logos-socios/ipt/Logo-humboldt.jpg</resourceLogoUrl>
              <collection>
                <parentCollectionIdentifier>N/A</parentCollectionIdentifier>
                <collectionIdentifier>IAvH, IAvH-CT, CBUMAG, HUC</collectionIdentifier>
                <collectionName>Instituto Alexander Von Humboldt, Colección de Tejidos del Instituto Alexander von Humboldt, Centro de Colecciones Biológicas Universidad del Magdalena, Herbario Universidad de Córdoba</collectionName>
              </collection>
                <specimenPreservationMethod>OTHER</specimenPreservationMethod>
        </gbif>
    </metadata>
</additionalMetadata>

</eml:eml>
