<?xml version="1.0" encoding="utf-8"?>
<eml:eml xmlns:eml="eml://ecoinformatics.org/eml-2.1.1" xmlns:xsi="http://www.w3.org/2001/XMLSchema-instance"
         xsi:schemaLocation="eml://ecoinformatics.org/eml-2.1.1 http://rs.gbif.org/schema/eml-gbif-profile/1.1/eml.xsd"
        packageId="53bf6dc4-18f5-11e2-98fb-00145eb45e9a"  system="http://gbif.org" scope="system"
  xml:lang="en">

<dataset>
      <alternateIdentifier>10.15468/aworf3</alternateIdentifier>
        <alternateIdentifier>http://science-net.kahaku.go.jp/ipt2/resource?r=snet-1042-101</alternateIdentifier>
        <alternateIdentifier>http://gbif.science-net.kahaku.go.jp:8081/ipt2/resource?r=snet-1042-101</alternateIdentifier>
        <alternateIdentifier>53bf6dc4-18f5-11e2-98fb-00145eb45e9a</alternateIdentifier>
        <alternateIdentifier>14533</alternateIdentifier>
    <title>Bird specimens of the Yamashina Institute for Ornithology</title>
    <creator>
    <individualName>
<givenName>Yasuko</givenName>          <surName>Iwami</surName>
    </individualName>
<organizationName>Yamashina Institute for Ornithology</organizationName><positionName>Taxidermist/Researcher</positionName>    <address>
<country>JAPAN</country>    </address>
<electronicMailAddress>iwami@yamashina.or.jp</electronicMailAddress>    </creator>
    <metadataProvider>
    <individualName>
<givenName>Takeshi</givenName>          <surName>Yamasaki</surName>
    </individualName>
<organizationName>Yamashina Institute for Ornithology</organizationName><positionName>Researcher</positionName>    <address>
<country>JAPAN</country>    </address>
<electronicMailAddress>yamasaki@yamashina.or.jp</electronicMailAddress>    </metadataProvider>
      <pubDate>
      2020-03-06
      </pubDate>
    <language>ENGLISH</language>
    <abstract>
        <para>Bird specimens deposited at the Yamashina Institute for Ornithology (YIO), including skins, spread wings, skeletal specimens, spirit specimens, eggs, and nests, mainly collected from the East Asia region.</para>
    </abstract>
        <keywordSet>
              <keyword>Occurrence</keyword>
              <keywordThesaurus>GBIF Dataset Type Vocabulary: http://rs.gbif.org/vocabulary/gbif/dataset_type.xml</keywordThesaurus>
        </keywordSet>
      <intellectualRights>
        <para>This work is licensed under a <ulink url="http://creativecommons.org/licenses/by/4.0/legalcode"><citetitle>Creative Commons Attribution (CC-BY) 4.0 License</citetitle></ulink>.</para>
      </intellectualRights>
      <distribution scope="document">
          <online>
              <url function="information">http://www.yamashina.or.jp/</url>
          </online>
      </distribution>
      <maintenance>
          <description>
              <para></para>
          </description>
          <maintenanceUpdateFrequency>unkown</maintenanceUpdateFrequency>
      </maintenance>
      <contact>
    <individualName>
<givenName>Takeshi</givenName>          <surName>Yamasaki</surName>
    </individualName>
<organizationName>Yamashina Institute for Ornithology</organizationName><positionName>Researcher</positionName>    <address>
<country>JAPAN</country>    </address>
<electronicMailAddress>yamasaki@yamashina.or.jp</electronicMailAddress><onlineUrl>http://www.yamashina.or.jp/</onlineUrl>      </contact>

</dataset>

<additionalMetadata>
    <metadata>
      <gbif>
        <dateStamp>2020-04-07T21:57:33Z</dateStamp>
      <citation>Iwami Y, Yamasaki T (2020). Bird specimens of the Yamashina Institute for Ornithology. National Museum of Nature and Science, Japan. Occurrence dataset https://doi.org/10.15468/aworf3 accessed via GBIF.org on 2020-04-07.</citation>
        </gbif>
    </metadata>
</additionalMetadata>

</eml:eml>
