<?xml version="1.0" encoding="utf-8"?>
<eml:eml xmlns:eml="eml://ecoinformatics.org/eml-2.1.1" xmlns:xsi="http://www.w3.org/2001/XMLSchema-instance"
         xsi:schemaLocation="eml://ecoinformatics.org/eml-2.1.1 http://rs.gbif.org/schema/eml-gbif-profile/1.1/eml.xsd"
        packageId="56b468fd-055c-4610-b605-09d8a54fdf4b"  system="http://gbif.org" scope="system"
  xml:lang="en">

<dataset>
      <alternateIdentifier>10.15468/5yzclc</alternateIdentifier>
        <alternateIdentifier>https://ipt.sibbr.gov.br/goeldi/resource?r=museu_paraense_emilio_goeldi-ornithology_collection_osteological</alternateIdentifier>
        <alternateIdentifier>56b468fd-055c-4610-b605-09d8a54fdf4b</alternateIdentifier>
    <title>Museu Paraense Emílio Goeldi - Ornithology Collection - Osteological</title>
    <creator>
    <individualName>
<givenName>Alexandre</givenName>          <surName>Aleixo</surName>
    </individualName>
<organizationName>Museu Paraense Emílio Goeldi</organizationName><positionName>Curator</positionName>    <address>
<deliveryPoint>Av. Perimetral, 1901 - Terra Firme</deliveryPoint><city>Belém</city><administrativeArea>Pará</administrativeArea><postalCode>66077-830</postalCode><country>BRAZIL</country>    </address>
<electronicMailAddress>aleixo@museu-goeldi.br</electronicMailAddress>    </creator>
    <metadataProvider>
    <individualName>
<givenName>Alexandre</givenName>          <surName>Aleixo</surName>
    </individualName>
<organizationName>Museu Paraense Emílio Goeldi</organizationName><positionName>Curator</positionName>    <address>
<deliveryPoint>Av. Perimetral, 1901 - Terra Firme</deliveryPoint><city>Belém</city><administrativeArea>Pará</administrativeArea><postalCode>66077-830</postalCode><country>BRAZIL</country>    </address>
<electronicMailAddress>aleixo@museu-goeldi.br</electronicMailAddress>    </metadataProvider>
    <associatedParty>
    <individualName>
<givenName>Alexandre</givenName>          <surName>Aleixo</surName>
    </individualName>
<organizationName>Museu Paraense Emílio Goeldi</organizationName><positionName>Curator</positionName>    <address>
<deliveryPoint>Av. Perimetral, 1901 - Terra Firme</deliveryPoint><city>Belém</city><administrativeArea>Pará</administrativeArea><postalCode>66077-830</postalCode><country>BRAZIL</country>    </address>
<electronicMailAddress>aleixo@museu-goeldi.br</electronicMailAddress>    <role>USER</role>
    </associatedParty>
      <pubDate>
      2019-08-27
      </pubDate>
    <language>PORTUGUESE</language>
    <abstract>
        <para>The Goeldi Museum ornithological collection is the second largest in Brazil and the largest bird collection in the world for Amazonian birds, with a good representation of all Amazonian areas of endemism, and also the Caatinga and Cerrado biomes in northeastern and central Brazil, respectively.</para>
    </abstract>
        <keywordSet>
              <keyword>Occurrence</keyword>
              <keywordThesaurus>GBIF Dataset Type Vocabulary: http://rs.gbif.org/vocabulary/gbif/dataset_type.xml</keywordThesaurus>
        </keywordSet>
        <keywordSet>
              <keyword>Specimen</keyword>
              <keywordThesaurus>GBIF Dataset Subtype Vocabulary: http://rs.gbif.org/vocabulary/gbif/dataset_subtype.xml</keywordThesaurus>
        </keywordSet>
      <intellectualRights>
        <para>This work is licensed under a <ulink url="http://creativecommons.org/licenses/by-nc/4.0/legalcode"><citetitle>Creative Commons Attribution Non Commercial (CC-BY-NC) 4.0 License</citetitle></ulink>.</para>
      </intellectualRights>
      <maintenance>
          <description>
              <para></para>
          </description>
          <maintenanceUpdateFrequency>unkown</maintenanceUpdateFrequency>
      </maintenance>
      <contact>
    <individualName>
<givenName>Alexandre</givenName>          <surName>Aleixo</surName>
    </individualName>
<organizationName>Museu Paraense Emílio Goeldi</organizationName><positionName>Curator</positionName>    <address>
<deliveryPoint>Av. Perimetral, 1901 - Terra Firme</deliveryPoint><city>Belém</city><administrativeArea>Pará</administrativeArea><postalCode>66077-830</postalCode><country>BRAZIL</country>    </address>
<electronicMailAddress>aleixo@museu-goeldi.br</electronicMailAddress>      </contact>

</dataset>

<additionalMetadata>
    <metadata>
      <gbif>
        <dateStamp>2020-04-07T21:57:31Z</dateStamp>
      <citation>Aleixo A (2019). Museu Paraense Emílio Goeldi - Ornithology Collection - Osteological. Version 1.2. Museu Paraense Emílio Goeldi. Occurrence dataset https://doi.org/10.15468/5yzclc accessed via GBIF.org on 2020-04-07.</citation>
        </gbif>
    </metadata>
</additionalMetadata>

</eml:eml>
