<?xml version="1.0" encoding="utf-8"?>
<eml:eml xmlns:eml="eml://ecoinformatics.org/eml-2.1.1" xmlns:xsi="http://www.w3.org/2001/XMLSchema-instance"
         xsi:schemaLocation="eml://ecoinformatics.org/eml-2.1.1 http://rs.gbif.org/schema/eml-gbif-profile/1.1/eml.xsd"
        packageId="71db3522-f762-11e1-a439-00145eb45e9a"  system="http://gbif.org" scope="system"
  xml:lang="en">

<dataset>
      <alternateIdentifier>10.15468/qrnesa</alternateIdentifier>
        <alternateIdentifier>http://science-net.kahaku.go.jp/ipt2/resource?r=snet-1191-202</alternateIdentifier>
        <alternateIdentifier>http://gbif.science-net.kahaku.go.jp:8081/ipt2/resource?r=snet-1191-202</alternateIdentifier>
        <alternateIdentifier>71db3522-f762-11e1-a439-00145eb45e9a</alternateIdentifier>
        <alternateIdentifier>9131</alternateIdentifier>
    <title>Bird Specimens in the Museum of Nature and Human Activities, Hyogo, Japan</title>
    <creator>
<organizationName>Museum of Nature and Human Activities, Hyogo</organizationName><positionName>Curator</positionName>    <address>
<country>JAPAN</country>    </address>
    </creator>
    <metadataProvider>
    <individualName>
<givenName>Takayuki</givenName>          <surName>Funo</surName>
    </individualName>
<organizationName>Museum of Nature and Human Activities, Hyogo</organizationName><positionName>Curator</positionName>    <address>
<country>JAPAN</country>    </address>
<electronicMailAddress>funo@hitohaku.jp</electronicMailAddress>    </metadataProvider>
      <pubDate>
      2020-03-27
      </pubDate>
    <language>ENGLISH</language>
    <abstract>
        <para>Bird Specimens deposited in the Museum of Nature and Human Activities, Hyogo, Japan</para>
    </abstract>
        <keywordSet>
              <keyword>Occurrence</keyword>
              <keywordThesaurus>GBIF Dataset Type Vocabulary: http://rs.gbif.org/vocabulary/gbif/dataset_type.xml</keywordThesaurus>
        </keywordSet>
      <intellectualRights>
        <para>This work is licensed under a <ulink url="http://creativecommons.org/licenses/by/4.0/legalcode"><citetitle>Creative Commons Attribution (CC-BY) 4.0 License</citetitle></ulink>.</para>
      </intellectualRights>
      <distribution scope="document">
          <online>
              <url function="information">http://www.hitohaku.jp/english/index.html</url>
          </online>
      </distribution>
      <maintenance>
          <description>
              <para></para>
          </description>
          <maintenanceUpdateFrequency>unkown</maintenanceUpdateFrequency>
      </maintenance>
      <contact>
    <individualName>
<givenName>Takayuki</givenName>          <surName>Funo</surName>
    </individualName>
<organizationName>Museum of Nature and Human Activities, Hyogo</organizationName><positionName>Curator</positionName>    <address>
<country>JAPAN</country>    </address>
<electronicMailAddress>funo@hitohaku.jp</electronicMailAddress><onlineUrl>http://www.hitohaku.jp/</onlineUrl>      </contact>

</dataset>

<additionalMetadata>
    <metadata>
      <gbif>
        <dateStamp>2020-04-07T21:57:28Z</dateStamp>
      <citation>National Museum of Nature and Science, Japan (2020). Bird Specimens in the Museum of Nature and Human Activities, Hyogo, Japan. Occurrence dataset https://doi.org/10.15468/qrnesa accessed via GBIF.org on 2020-04-07.</citation>
        </gbif>
    </metadata>
</additionalMetadata>

</eml:eml>
