<?xml version="1.0" encoding="utf-8"?>
<eml:eml xmlns:eml="eml://ecoinformatics.org/eml-2.1.1" xmlns:xsi="http://www.w3.org/2001/XMLSchema-instance"
         xsi:schemaLocation="eml://ecoinformatics.org/eml-2.1.1 http://rs.gbif.org/schema/eml-gbif-profile/1.1/eml.xsd"
        packageId="7d8ed137-1d30-42f1-8b78-12a4957e4690"  system="http://gbif.org" scope="system"
  xml:lang="en">

<dataset>
      <alternateIdentifier>10.15468/zyqkbl</alternateIdentifier>
    <title>SysTax -  Zoological Collections</title>
    <associatedParty>
    <individualName>
          <surName>Juergen R. Hoppe</surName>
    </individualName>
    <address>
<deliveryPoint>Institute of Systematic Botany and Ecology, University of Ulm, Albert-Einstein-Allee 11, 89081 Ulm, Germany</deliveryPoint>    </address>
<phone>+497315022703</phone><electronicMailAddress>juergen.hoppe@uni-ulm.de</electronicMailAddress>    <role>TECHNICAL_POINT_OF_CONTACT</role>
    </associatedParty>
    <language>en</language>
    <abstract>
        <para>a Database System for Systematics and Taxonomy</para>
    </abstract>
      <intellectualRights>
        <para>This work is licensed under a <ulink url="http://creativecommons.org/licenses/by/4.0/legalcode"><citetitle>Creative Commons Attribution (CC-BY) 4.0 License</citetitle></ulink>.</para>
      </intellectualRights>
      <distribution scope="document">
          <online>
              <url function="information">http://www.systax.org/</url>
          </online>
      </distribution>
      <contact>
    <individualName>
          <surName>Juergen R. Hoppe</surName>
    </individualName>
    <address>
<deliveryPoint>Institute of Systematic Botany and Ecology, University of Ulm, Albert-Einstein-Allee 11, 89081 Ulm, Germany</deliveryPoint>    </address>
<phone>+497315022703</phone><electronicMailAddress>juergen.hoppe@uni-ulm.de</electronicMailAddress>      </contact>

</dataset>

<additionalMetadata>
    <metadata>
      <gbif>
        <dateStamp>2020-04-07T21:57:34Z</dateStamp>
      <citation>SysTax. SysTax -  Zoological Collections. Occurrence dataset https://doi.org/10.15468/zyqkbl accessed via GBIF.org on 2020-04-07.</citation>
        </gbif>
    </metadata>
</additionalMetadata>

</eml:eml>
