<?xml version="1.0" encoding="utf-8"?>
<eml:eml xmlns:eml="eml://ecoinformatics.org/eml-2.1.1" xmlns:xsi="http://www.w3.org/2001/XMLSchema-instance"
         xsi:schemaLocation="eml://ecoinformatics.org/eml-2.1.1 http://rs.gbif.org/schema/eml-gbif-profile/1.1/eml.xsd"
        packageId="84829fe4-f762-11e1-a439-00145eb45e9a"  system="http://gbif.org" scope="system"
  xml:lang="en">

<dataset>
      <alternateIdentifier>10.15468/d90jm5</alternateIdentifier>
        <alternateIdentifier>http://ipt.vertnet.org:8080/ipt/resource?r=lsumz_birds</alternateIdentifier>
        <alternateIdentifier>84829fe4-f762-11e1-a439-00145eb45e9a</alternateIdentifier>
        <alternateIdentifier>571</alternateIdentifier>
    <title>LSUMZ Birds Collection</title>
    <creator>
    <individualName>
<givenName>Steven</givenName>          <surName>Cardiff</surName>
    </individualName>
<organizationName>Louisiana State University Museum of Natural Science</organizationName><positionName>Collections Manager</positionName>    <address>
<deliveryPoint>119 Foster Hall</deliveryPoint><city>Baton Rouge</city><administrativeArea>Louisiana</administrativeArea><postalCode>70803</postalCode><country>UNITED_STATES</country>    </address>
<phone>01 225-578-2855</phone><electronicMailAddress>scardif@lsu.edu</electronicMailAddress><onlineUrl>http://sites01.lsu.edu/wp/mns/research-collections/ornithology/</onlineUrl>    </creator>
    <metadataProvider>
    <individualName>
<givenName>Steven</givenName>          <surName>Cardiff</surName>
    </individualName>
<organizationName>Louisiana State University Museum of Natural Science</organizationName><positionName>Collections Manager</positionName>    <address>
<deliveryPoint>119 Foster Hall</deliveryPoint><city>Baton Rouge</city><administrativeArea>Louisiana</administrativeArea><postalCode>70803</postalCode><country>UNITED_STATES</country>    </address>
<phone>01 225-578-2855</phone><electronicMailAddress>scardif@lsu.edu</electronicMailAddress><onlineUrl>http://sites01.lsu.edu/wp/mns/research-collections/ornithology/</onlineUrl>    </metadataProvider>
    <associatedParty>
    <individualName>
<givenName>Donna</givenName>          <surName>Dittman</surName>
    </individualName>
<organizationName>Louisiana State University Museum of Natural Science</organizationName><positionName>Collections Manager</positionName>    <address>
<deliveryPoint>119 Foster Hall</deliveryPoint><city>Baton Rouge</city><administrativeArea>Louisiana</administrativeArea><postalCode>70803</postalCode><country>UNITED_STATES</country>    </address>
<phone>01 225-578-2855</phone><electronicMailAddress>ddittma@lsu.edu</electronicMailAddress><onlineUrl>http://sites01.lsu.edu/wp/mns/research-collections/ornithology/</onlineUrl>    <role>POINT_OF_CONTACT</role>
    </associatedParty>
    <associatedParty>
    <individualName>
<givenName>David</givenName>          <surName>Bloom</surName>
    </individualName>
<organizationName>VertNet</organizationName><electronicMailAddress>dbloom@vertnet.org</electronicMailAddress><onlineUrl>http://www.vertnet.org/</onlineUrl>    <role>PROGRAMMER</role>
    </associatedParty>
    <associatedParty>
    <individualName>
<givenName>David</givenName>          <surName>Bloom</surName>
    </individualName>
<organizationName>VertNet</organizationName><electronicMailAddress>dbloom@vertnet.org</electronicMailAddress><onlineUrl>http://www.vertnet.org/</onlineUrl>    <role>PROGRAMMER</role>
    </associatedParty>
    <associatedParty>
    <individualName>
<givenName>John</givenName>          <surName>Wieczorek</surName>
    </individualName>
<organizationName>VertNet</organizationName><electronicMailAddress>tuco@berkeley.edu</electronicMailAddress><onlineUrl>http://www.vertnet.org/</onlineUrl>    <role>PROGRAMMER</role>
    </associatedParty>
      <pubDate>
      2016-12-22
      </pubDate>
    <language>ENGLISH</language>
    <abstract>
        <para>The collection of approximately 184,000 cataloged voucher specimens includes about 150,000 skins, 22,000 complete skeletons, and 8,000 fluid-preserved specimens, as well as 2,000 spread wings, 20,000 stomach-content samples and thousands of tape-recordings of bird vocalizations.  Holdings from Peru, Bolivia, the West Indies, and the Southeastern United States are the largest in the world. The collection is among the 5-10 largest in the world from Mexico, Guatemala, Belize, Honduras, Costa Rica, Panama, and Argentina.  There are also substantial holdings from the western USA, Brazil, Africa, Kuwait, and Borneo.  The vast majority of specimens were collected since 1950 and, therefore, relatively data-rich; a high percentage of specimens collected since 1980 have associated tissue samples.
.For information about how to obtain a loan see: https://sites01.lsu.edu/wp/mns/files/2014/04/Loans-Information-Requests.pdf</para>
    </abstract>
        <keywordSet>
              <keyword>Occurrence</keyword>
              <keywordThesaurus>GBIF Dataset Type Vocabulary: http://rs.gbif.org/vocabulary/gbif/dataset_type.xml</keywordThesaurus>
        </keywordSet>
        <keywordSet>
              <keyword>Specimen</keyword>
              <keywordThesaurus>GBIF Dataset Subtype Vocabulary: http://rs.gbif.org/vocabulary/gbif/dataset_subtype.xml</keywordThesaurus>
        </keywordSet>
      <additionalInfo>
          <para>http://vertnet.org/resources/norms.html</para>
      </additionalInfo>
      <intellectualRights>
        <para>To the extent possible under law, the publisher has waived all rights to these data and has dedicated them to the <ulink url="http://creativecommons.org/publicdomain/zero/1.0/legalcode"><citetitle>Public Domain (CC0 1.0)</citetitle></ulink>. Users may copy, modify, distribute and use the work, including for commercial purposes, without restriction.</para>
      </intellectualRights>
      <distribution scope="document">
          <online>
              <url function="information">http://sites01.lsu.edu/wp/mns/research-collections/ornithology/</url>
          </online>
      </distribution>
      <coverage>
            <geographicCoverage>
                  <geographicDescription>Significant holdings from US, Central and South America, Africa, and Malaysia.</geographicDescription>
                  <boundingCoordinates>
                      <westBoundingCoordinate>-180</westBoundingCoordinate>
                      <eastBoundingCoordinate>180</eastBoundingCoordinate>
                      <northBoundingCoordinate>90</northBoundingCoordinate>
                      <southBoundingCoordinate>-90</southBoundingCoordinate>
                  </boundingCoordinates>
            </geographicCoverage>
              <taxonomicCoverage>
                    <taxonomicClassification>
                          <taxonRankName>Class</taxonRankName>
                        <taxonRankValue>Aves</taxonRankValue>
                    </taxonomicClassification>
              </taxonomicCoverage>
      </coverage>
      <maintenance>
          <description>
              <para></para>
          </description>
          <maintenanceUpdateFrequency>unkown</maintenanceUpdateFrequency>
      </maintenance>
      <contact>
    <individualName>
<givenName>Steven</givenName>          <surName>Cardiff</surName>
    </individualName>
<organizationName>Louisiana State University Museum of Natural Science</organizationName><positionName>Collections Manager</positionName>    <address>
<deliveryPoint>119 Foster Hall</deliveryPoint><city>Baton Rouge</city><administrativeArea>Louisiana</administrativeArea><postalCode>70803</postalCode><country>UNITED_STATES</country>    </address>
<phone>01 225-578-2855</phone><electronicMailAddress>scardif@lsu.edu</electronicMailAddress><onlineUrl>http://sites01.lsu.edu/wp/mns/research-collections/ornithology/</onlineUrl>      </contact>

</dataset>

<additionalMetadata>
    <metadata>
      <gbif>
        <dateStamp>2020-04-07T21:57:37Z</dateStamp>
      <citation>Cardiff S (2016). LSUMZ Birds Collection. Louisiana State University Museum of Natural Science. Occurrence dataset https://doi.org/10.15468/d90jm5 accessed via GBIF.org on 2020-04-07.</citation>
        </gbif>
    </metadata>
</additionalMetadata>

</eml:eml>
