<?xml version="1.0" encoding="utf-8"?>
<eml:eml xmlns:eml="eml://ecoinformatics.org/eml-2.1.1" xmlns:xsi="http://www.w3.org/2001/XMLSchema-instance"
         xsi:schemaLocation="eml://ecoinformatics.org/eml-2.1.1 http://rs.gbif.org/schema/eml-gbif-profile/1.1/eml.xsd"
        packageId="8658262c-f762-11e1-a439-00145eb45e9a"  system="http://gbif.org" scope="system"
  xml:lang="en">

<dataset>
      <alternateIdentifier>10.15468/d5tdxh</alternateIdentifier>
        <alternateIdentifier>1897</alternateIdentifier>
    <title>ORN</title>
    <associatedParty>
    <individualName>
          <surName>S. Dilliplane</surName>
    </individualName>
<positionName>Biodiversity Database Programmer</positionName><phone>215-299-1177</phone><electronicMailAddress>bdim@ansp.org</electronicMailAddress>    </associatedParty>
    <language>en</language>
    <abstract>
        <para></para>
    </abstract>
      <intellectualRights>
        <para>This work is licensed under a <ulink url="http://creativecommons.org/licenses/by/4.0/legalcode"><citetitle>Creative Commons Attribution (CC-BY) 4.0 License</citetitle></ulink>.</para>
      </intellectualRights>

</dataset>

<additionalMetadata>
    <metadata>
      <gbif>
        <dateStamp>2020-04-07T21:57:36Z</dateStamp>
      <citation>Academy of Natural Sciences. ORN. Occurrence dataset https://doi.org/10.15468/d5tdxh accessed via GBIF.org on 2020-04-07.</citation>
        </gbif>
    </metadata>
</additionalMetadata>

</eml:eml>
