<?xml version="1.0" encoding="utf-8"?>
<eml:eml xmlns:eml="eml://ecoinformatics.org/eml-2.1.1" xmlns:xsi="http://www.w3.org/2001/XMLSchema-instance"
         xsi:schemaLocation="eml://ecoinformatics.org/eml-2.1.1 http://rs.gbif.org/schema/eml-gbif-profile/1.1/eml.xsd"
        packageId="94687f6b-6723-46a3-90d8-5a06b843291c"  system="http://gbif.org" scope="system"
  xml:lang="es">

<dataset>
      <alternateIdentifier>10.15472/scqpmf</alternateIdentifier>
        <alternateIdentifier>https://ipt.biodiversidad.co/iavh/resource?r=bancosonidos</alternateIdentifier>
        <alternateIdentifier>doi:10.15472/vharp3</alternateIdentifier>
        <alternateIdentifier>10.15472/vharp3</alternateIdentifier>
        <alternateIdentifier>10.15472/vharp3</alternateIdentifier>
        <alternateIdentifier>10.15468/jzefuy</alternateIdentifier>
        <alternateIdentifier>http://ipt.biodiversidad.co/iavh/resource?r=bancosonidos</alternateIdentifier>
        <alternateIdentifier>http://ipt.sibcolombia.net/iavh/resource.do?r=bancosonidos</alternateIdentifier>
        <alternateIdentifier>94687f6b-6723-46a3-90d8-5a06b843291c</alternateIdentifier>
        <alternateIdentifier>14579</alternateIdentifier>
    <title>Colección de Sonidos Ambientales del Instituto de Investigación de Recursos Biológicos Alexander von Humboldt (IAvH-CSA)</title>
    <creator>
    <individualName>
<givenName>Orlando</givenName>          <surName>Acevedo-Charry</surName>
    </individualName>
<organizationName>Instituto de Investigación de Recursos Biológicos Alexander von Humboldt</organizationName><positionName>​Curador colección de sonidos ambientales</positionName>    <address>
<deliveryPoint>Carrera 8 # 15-08</deliveryPoint><city>Villa de Leyva</city><administrativeArea>Boyacá</administrativeArea><country>COLOMBIA</country>    </address>
<phone>3202767</phone><electronicMailAddress>oacevedo@humboldt.org.co</electronicMailAddress><onlineUrl>http://www.humboldt.org.co</onlineUrl>    </creator>
    <metadataProvider>
    <individualName>
<givenName>Kevin-Giancarlo</givenName>          <surName>Borja-Acosta</surName>
    </individualName>
<organizationName>Instituto de Investigación de Recursos Biológicos Alexander von Humboldt</organizationName><positionName>Curador de datos colecciones biológicas</positionName>    <address>
<deliveryPoint>Carrera 8 # 15-08</deliveryPoint><city>Villa de Leyva</city><administrativeArea>Boyacá</administrativeArea><country>COLOMBIA</country>    </address>
<phone>3202767</phone><electronicMailAddress>kborja@humboldt.org.co</electronicMailAddress><onlineUrl>http://www.humboldt.org.co</onlineUrl>    </metadataProvider>
    <associatedParty>
    <individualName>
<givenName>Kevin-Giancarlo</givenName>          <surName>Borja-Acosta</surName>
    </individualName>
<organizationName>Instituto de Investigación de Recursos Biológicos Alexander von Humboldt</organizationName><positionName>Curador de datos colecciones biológicas</positionName>    <address>
<deliveryPoint>Carrera 8 # 15-08</deliveryPoint><city>Villa de Leyva</city><administrativeArea>Boyacá</administrativeArea><country>COLOMBIA</country>    </address>
<phone>3202767</phone><electronicMailAddress>kborja@humboldt.org.co</electronicMailAddress><onlineUrl>http://www.humborldt.org.co</onlineUrl>    <role>PUBLISHER</role>
    </associatedParty>
      <pubDate>
      2019-10-16
      </pubDate>
    <language>SPANISH</language>
    <abstract>
        <para>La Colección de Sonidos Ambientales del Instituto de Investigación de Recursos Biológicos Alexander von Humboldt (IAvH-CSA) fue fundada en 1998 en Villa de Levya con el nombre de Banco de Sonidos Animales. Desde su fundación ha contado con la asesoría de la biblioteca de sonidos naturales (Library of Natural Sounds) de la Universidad de Cornell, hoy Macaulay Library (ML). La colección de sonidos es el repositorio de sonidos naturales mas grande de Colombia con más de 22127 archivos de audio catalogados y sistematizados en el software Specify. Esta colección contiene registros de especies y de paisajes naturales de audio de alrededor de 551 localidades de los principales ecosistemas, donde predominan la región de los Andes, el Caribe, La Orinoquia y Amazonia, además de 30 departamentos Colombianos. En términos taxonómicos, se encuentran representadas alrededor de 1030 especies, aproximadamente el 69% del número total de especies de aves nativas registradas para el país, 2% de los anfibios y 3% de los mamíferos. El equipo investigativo histórico de la colección ha producido 8 guías sonoras, principalmente con cantos de aves compilados en 14 CDs de audio, con registros principalmente para la zona andina. Los registros se encuentran disponibles a través de las plataformas SIB-Colombia, GBIF y CEIBA, y la gran mayoría de los cortes está disponible bajo un convenio de colaboración entre el Instituto Humboldt y el laboratorio de Ornitología de Cornell, en la plataforma de Macaulay Library. Adicionalmente, es nuestro interés tener los audios disponibles para diferentes públicos, así que también tenemos 1293 cortes de audio en xeno-canto, y esperamos suministrar otros 13430 cortes más entre el periodo 2019-2020. A futuro esperamos contar con una plataforma propia de acceso, visualización y depósito directo que facilite la comunicación y colaboración entre los sonidistas del país y la colección.</para>
    </abstract>
        <keywordSet>
              <keyword>sonidos</keyword>
              <keyword>ambientales</keyword>
              <keyword>nature</keyword>
              <keyword>Insecta</keyword>
              <keyword>sound collection</keyword>
              <keyword>occurrence</keyword>
              <keyword>birds</keyword>
              <keyword>insects</keyword>
              <keyword>aves</keyword>
              <keyword>mamiferos</keyword>
              <keyword>sound archive</keyword>
              <keyword>Specimen</keyword>
              <keyword>sounds</keyword>
              <keyword>mammals</keyword>
              <keyword>paisajes sonoros</keyword>
              <keyword>soundscapes</keyword>
              <keyword>amphibia</keyword>
              <keyword>anfibios</keyword>
              <keywordThesaurus>NA</keywordThesaurus>
        </keywordSet>
        <keywordSet>
              <keyword>registro biológico</keyword>
              <keywordThesaurus>GBIF Dataset Type Vocabulary: http://rs.gbif.org/vocabulary/gbif/dataset_type.xml</keywordThesaurus>
        </keywordSet>
        <keywordSet>
              <keyword>observación</keyword>
              <keywordThesaurus>GBIF Dataset Subtype Vocabulary: http://rs.gbif.org/vocabulary/gbif/dataset_subtype.xml</keywordThesaurus>
        </keywordSet>
      <intellectualRights>
        <para>This work is licensed under a <ulink url="http://creativecommons.org/licenses/by-nc/4.0/legalcode"><citetitle>Creative Commons Attribution Non Commercial (CC-BY-NC) 4.0 License</citetitle></ulink>.</para>
      </intellectualRights>
      <distribution scope="document">
          <online>
              <url function="information">http://ipt.biodiversidad.co/iavh/resource.do?r=bancosonidos</url>
          </online>
      </distribution>
      <coverage>
            <geographicCoverage>
                  <geographicDescription>Los registros de la colección son principalmente de Colombia. La clasificación departamental y municipal sigue la clasificación del DANE.</geographicDescription>
                  <boundingCoordinates>
                      <westBoundingCoordinate>-81.585</westBoundingCoordinate>
                      <eastBoundingCoordinate>-64.18</eastBoundingCoordinate>
                      <northBoundingCoordinate>13.323</northBoundingCoordinate>
                      <southBoundingCoordinate>-4.77</southBoundingCoordinate>
                  </boundingCoordinates>
            </geographicCoverage>
          <temporalCoverage>
            <rangeOfDates>
              <beginDate>
                <calendarDate>      1972-06-17
</calendarDate>
              </beginDate>
              <endDate>
                <calendarDate>      2018-09-24
</calendarDate>
              </endDate>
            </rangeOfDates>
          </temporalCoverage>
              <taxonomicCoverage>
                    <generalTaxonomicCoverage>Los ejemplares están determinados a Familia, Género o Especie, el estatus o validez de los nombres científicos sigue la versión en línea más reciente para aves del South American Classification Committe, Remsen, J. V., Jr., J. I. Areta, C. D. Cadena, S. Claramunt, A. Jaramillo, J. F. Pacheco, J. Pérez-Emán, M. B. Robbins, F. G. Stiles, D. F. Stotz, and K. J. Zimmer. Version [apr 2017]. A classification of the bird species of South America. American Ornithologists&apos; Union. http://www.museum.lsu.edu/~Remsen/SACCBaseline.htm. Los ejemplares de mamíferos determinados a Orden, Familia, Género o Especie sigue a Solari, S. et all 2013.</generalTaxonomicCoverage>
                    <taxonomicClassification>
                          <taxonRankName>Order</taxonRankName>
                        <taxonRankValue>Accipitriformes</taxonRankValue>
                    </taxonomicClassification>
                    <taxonomicClassification>
                          <taxonRankName>Order</taxonRankName>
                        <taxonRankValue>Columbiformes</taxonRankValue>
                    </taxonomicClassification>
                    <taxonomicClassification>
                          <taxonRankName>Order</taxonRankName>
                        <taxonRankValue>Galliformes</taxonRankValue>
                    </taxonomicClassification>
                    <taxonomicClassification>
                          <taxonRankName>Order</taxonRankName>
                        <taxonRankValue>Passeriformes</taxonRankValue>
                    </taxonomicClassification>
                    <taxonomicClassification>
                          <taxonRankName>Order</taxonRankName>
                        <taxonRankValue>Piciformes</taxonRankValue>
                    </taxonomicClassification>
                    <taxonomicClassification>
                          <taxonRankName>Order</taxonRankName>
                        <taxonRankValue>Psittaciformes</taxonRankValue>
                    </taxonomicClassification>
                    <taxonomicClassification>
                          <taxonRankName>Order</taxonRankName>
                        <taxonRankValue>Tinamiformes</taxonRankValue>
                    </taxonomicClassification>
                    <taxonomicClassification>
                          <taxonRankName>Order</taxonRankName>
                        <taxonRankValue>Trogoniformes</taxonRankValue>
                    </taxonomicClassification>
                    <taxonomicClassification>
                          <taxonRankName>Order</taxonRankName>
                        <taxonRankValue>Strigiformes</taxonRankValue>
                    </taxonomicClassification>
                    <taxonomicClassification>
                          <taxonRankName>Order</taxonRankName>
                        <taxonRankValue>Apodiformes</taxonRankValue>
                    </taxonomicClassification>
                    <taxonomicClassification>
                          <taxonRankName>Order</taxonRankName>
                        <taxonRankValue>Falconiformes</taxonRankValue>
                    </taxonomicClassification>
                    <taxonomicClassification>
                          <taxonRankName>Order</taxonRankName>
                        <taxonRankValue>Anura</taxonRankValue>
                    </taxonomicClassification>
                    <taxonomicClassification>
                          <taxonRankName>Order</taxonRankName>
                        <taxonRankValue>Primates</taxonRankValue>
                    </taxonomicClassification>
                    <taxonomicClassification>
                          <taxonRankName>Order</taxonRankName>
                        <taxonRankValue>Nyctibiiformes</taxonRankValue>
                    </taxonomicClassification>
                    <taxonomicClassification>
                          <taxonRankName>Order</taxonRankName>
                        <taxonRankValue>Carnivora</taxonRankValue>
                    </taxonomicClassification>
                    <taxonomicClassification>
                          <taxonRankName>Order</taxonRankName>
                        <taxonRankValue>Coraciiformes</taxonRankValue>
                    </taxonomicClassification>
                    <taxonomicClassification>
                          <taxonRankName>Order</taxonRankName>
                        <taxonRankValue>Caprimulgiformes</taxonRankValue>
                    </taxonomicClassification>
                    <taxonomicClassification>
                          <taxonRankName>Order</taxonRankName>
                        <taxonRankValue>Anseriformes</taxonRankValue>
                    </taxonomicClassification>
                    <taxonomicClassification>
                          <taxonRankName>Order</taxonRankName>
                        <taxonRankValue>Opisthocomiformes</taxonRankValue>
                    </taxonomicClassification>
                    <taxonomicClassification>
                          <taxonRankName>Order</taxonRankName>
                        <taxonRankValue>Charadriiformes</taxonRankValue>
                    </taxonomicClassification>
                    <taxonomicClassification>
                          <taxonRankName>Order</taxonRankName>
                        <taxonRankValue>Cuculiformes</taxonRankValue>
                    </taxonomicClassification>
                    <taxonomicClassification>
                          <taxonRankName>Order</taxonRankName>
                        <taxonRankValue>Orthoptera</taxonRankValue>
                    </taxonomicClassification>
                    <taxonomicClassification>
                          <taxonRankName>Order</taxonRankName>
                        <taxonRankValue>Eurypygiformes</taxonRankValue>
                    </taxonomicClassification>
                    <taxonomicClassification>
                          <taxonRankName>Order</taxonRankName>
                        <taxonRankValue>Gruiformes</taxonRankValue>
                    </taxonomicClassification>
                    <taxonomicClassification>
                          <taxonRankName>Order</taxonRankName>
                        <taxonRankValue>Galbuliformes</taxonRankValue>
                    </taxonomicClassification>
                    <taxonomicClassification>
                          <taxonRankName>Order</taxonRankName>
                        <taxonRankValue>Pelecaniformes</taxonRankValue>
                    </taxonomicClassification>
                    <taxonomicClassification>
                          <taxonRankName>Order</taxonRankName>
                        <taxonRankValue>Rodentia</taxonRankValue>
                    </taxonomicClassification>
                    <taxonomicClassification>
                          <taxonRankName>Order</taxonRankName>
                        <taxonRankValue>Steatornithiformes</taxonRankValue>
                    </taxonomicClassification>
                    <taxonomicClassification>
                          <taxonRankName>Order</taxonRankName>
                        <taxonRankValue>Hemiptera</taxonRankValue>
                    </taxonomicClassification>
                    <taxonomicClassification>
                          <taxonRankName>Order</taxonRankName>
                        <taxonRankValue>Podicipediformes</taxonRankValue>
                    </taxonomicClassification>
              </taxonomicCoverage>
      </coverage>
      <purpose>
          <para>La Colección de Sonidos Ambientales tiene la responsabilidad de preservar, mantener y divulgar los sonidos de la naturaleza de Colombia para generaciones  actuales y futuras, sin correr el riesgo de deterioros en los especímenes acústicos y su información asociada.</para>
      </purpose>
      <maintenance>
          <description>
              <para></para>
          </description>
          <maintenanceUpdateFrequency>unkown</maintenanceUpdateFrequency>
      </maintenance>
      <contact>
    <individualName>
<givenName>Carolina</givenName>          <surName>Gómez-Posada</surName>
    </individualName>
<organizationName>Instituto de Investigación de Recursos Biológicos Alexander von Humboldt</organizationName><positionName>Coordinadora</positionName>    <address>
<deliveryPoint>Carrera 8 # 15-08</deliveryPoint><city>Villa de Leyva</city><administrativeArea>Boyacá</administrativeArea><country>COLOMBIA</country>    </address>
<phone>3202767</phone><electronicMailAddress>cgomez@humboldt.org.co</electronicMailAddress><onlineUrl>http://www.humboldt.org.co</onlineUrl>      </contact>
      <methods>
            <methodStep>
                <description>
                    <para>Digitalización de información en tablas de excel con campos DarwinCore, validación de información geográfica de registros por parte de I2D, verificación de número de ejemplares por registro e identificación taxonómica hasta el nivel más detallado posible, se provee a cada corte de audio una etiqueta de audio con el numero de catalogo asignado en la colección (BSA-Numero), posteriormente se sistematiza en Specify o en el formato de migración de datos que luego será incluido en la plataforma Specify.</para>
                </description>
            </methodStep>
            <sampling>
                <studyExtent>
                    <description>
                        <para></para>
                    </description>
                </studyExtent>
                <samplingDescription>
                    <para>Los ejemplares de la colección han sido capturados con métodos como: micrófonos parabólicos, micrófonos omnidireccionales, cardiodes, en cintas magnéticas (casete tipo Phillips), carretes abiertos (open reel), cintas agencias DAT, archivos de audio directamente en memorias de estado solido, memorias SD. Los audios son digitalizados de análogo a digital en equipos DIGI888, DIGI001, a  tasas de muestreo de al menos 16Bits y 44100KHz, o 48000 KHz, también directamente traspasados cuando son digitales principalmente formatos .aiff, .wav, .mp3, y transformados a formatos .wav y mp3 para ser almacenados en discos duros. En unos pocos casos hay incertidumbre del formato original con el que llegaron algunos audios, pero al final todos esta almacenados como .wav y .mp3 ya que cuando la colección comenzó no había la capacidad de almacenamiento digital que existe hoy día y  varios fueron extraídos, trabajados para realizar cortes, y los archivos intermedios y algunos originales desechados.</para>
                </samplingDescription>
            </sampling>
            <qualityControl>
                <description>
                    <para>Los ejemplares ingresan en su formato original y son guardados en ambos formatos, .wav y .mp3.
La información mínima asociada a los ejemplares incluye: datos completos de localidad de captura (departamento, municipio, nombre o descripción de la localidad específica, coordenadas geográficas), fecha de captura, nombres completos de los colectores. Información adicional (ejemplo hora de captura, método de captura, descripción del hábitat, parámetros ambientales (temperatura o condición climática donde se obtuvieron los ejemplares), medios de grabación y datos asociados a los cortes de audio.</para>
                </description>
            </qualityControl>
      </methods>

      <project >
          <title>Colecciones Biológicas del Instituto de Investigación de Recursos Biológicos Alexander von Humboldt</title>
          <personnel>
    <individualName>
<givenName>Kevin-Giancarlo</givenName>          <surName>Borja-Acosta</surName>
    </individualName>
    <role>ADMINISTRATIVE_POINT_OF_CONTACT</role>
          </personnel>
          <abstract>
              <para></para>
          </abstract>
          <funding>
              <para>Instituto de Investigación de Recursos Biológicos Alexander von Humboldt</para>
          </funding>
            <designDescription>
                <description>
                    <para>Ejemplares depositados en las colecciones biológicas del Instituto de Investigación de Recursos Biológicos Alexander von Humboldt.</para>
                </description>
            </designDescription>
      </project>
</dataset>

<additionalMetadata>
    <metadata>
      <gbif>
        <dateStamp>2020-04-07T21:57:38Z</dateStamp>
      <citation identifier="https://doi.org/10.15472/scqpmf">Acevedo-Charry O, Borja-Acosta K (2019). Colección de Sonidos Ambientales del Instituto de Investigación de Recursos Biológicos Alexander von Humboldt (IAvH-CSA). Version 10.1. Instituto de Investigación de Recursos Biológicos Alexander von Humboldt. Occurrence dataset https://doi.org/10.15472/scqpmf accessed via GBIF.org on 2020-04-07.</citation>
              <bibliography>
      <citation>Remsen, J. V., Jr., J. I. Areta, C. D. Cadena, S. Claramunt, A. Jaramillo, J. F. Pacheco, J. Pérez-Emán, M. B. Robbins, F. G. Stiles, D. F. Stotz, and K. J. Zimmer. Version [apr 2017]. A classification of the bird species of South America. American Ornithologists&apos; Union. http://www.museum.lsu.edu/~Remsen/SACCBaseline.htm.</citation>
      <citation>Solari, S., Muñoz-Saba, Y., Rodríguez-Mahecha, J. V., Defler, T. R., Ramírez-Chaves, H. E., &amp; Trujillo, F. (2013). Riqueza, endemismo y conservación de los mamíferos de Colombia. Mastozoología neotropical, 20(2), 301-365.</citation>
              </bibliography>
              <physical>
                  <objectName>Colección de Sonidos Ambientales del Instituto de Investigación de Recursos Biológicos Alexander von Humboldt (IAvH-CSA)</objectName>
                  <characterEncoding>UTF-8</characterEncoding>
                  <dataFormat>
                      <externallyDefinedFormat>
                          <formatName>txt</formatName>
                      </externallyDefinedFormat>
                  </dataFormat>
                  <distribution>
                      <online>
                          <url function="download">http://i2d.humboldt.org.co/ceiba/resource.do?r=bancosonidos</url>
                      </online>
                  </distribution>
              </physical>
              <resourceLogoUrl>https://s3.amazonaws.com/sib-resources/images/logos-socios/ipt/Logo-humboldt.jpg</resourceLogoUrl>
              <collection>
                <parentCollectionIdentifier>NA</parentCollectionIdentifier>
                <collectionIdentifier>IAvH-CSA</collectionIdentifier>
                <collectionName>Colección de Sonidos Ambientales del Instituto de Investigación de Recursos Biológicos Alexander von Humboldt</collectionName>
              </collection>
                <specimenPreservationMethod>OTHER</specimenPreservationMethod>
        </gbif>
    </metadata>
</additionalMetadata>

</eml:eml>
