<?xml version="1.0" encoding="utf-8"?>
<eml:eml xmlns:eml="eml://ecoinformatics.org/eml-2.1.1" xmlns:xsi="http://www.w3.org/2001/XMLSchema-instance"
         xsi:schemaLocation="eml://ecoinformatics.org/eml-2.1.1 http://rs.gbif.org/schema/eml-gbif-profile/1.1/eml.xsd"
        packageId="9850b85a-793f-429d-a437-2d5b46282acf"  system="http://gbif.org" scope="system"
  xml:lang="es">

<dataset>
      <alternateIdentifier>10.15472/iqnpse</alternateIdentifier>
        <alternateIdentifier>10.15468/mbwuat</alternateIdentifier>
        <alternateIdentifier>https://ipt.biodiversidad.co/sib/resource?r=censo_aves_rnoa</alternateIdentifier>
        <alternateIdentifier>http://ipt.sibcolombia.net/rnoa/resource.do?r=censo_aves_rnoa</alternateIdentifier>
        <alternateIdentifier>9850b85a-793f-429d-a437-2d5b46282acf</alternateIdentifier>
    <title>DATAVES</title>
    <creator>
    <individualName>
          <surName>Red Nacional de Observadores de Aves</surName>
    </individualName>
<organizationName>RNOA</organizationName><electronicMailAddress>coordinacion@rnoa.org</electronicMailAddress><onlineUrl>http://www.rnoa.org</onlineUrl>    </creator>
    <metadataProvider>
    <individualName>
<givenName>Gualberto</givenName>          <surName>Naranjo Maury</surName>
    </individualName>
<organizationName>RNOA</organizationName><positionName>Investigador</positionName><electronicMailAddress>waly@dunanzhe.com</electronicMailAddress><onlineUrl>http://www.rnoa.org</onlineUrl>    </metadataProvider>
    <associatedParty>
    <individualName>
          <surName>Asociación Bogotana de Ornitología</surName>
    </individualName>
<organizationName>ABO</organizationName>    <address>
<deliveryPoint>Colombia</deliveryPoint><city>Bogotá, D. C.</city><administrativeArea>Bogotá, D.C.</administrativeArea>    </address>
    <role>CONTENT_PROVIDER</role>
    </associatedParty>
    <associatedParty>
    <individualName>
          <surName>Asociación Colombiana de Ornitología</surName>
    </individualName>
<organizationName>ACO</organizationName>    <address>
<deliveryPoint>Colombia</deliveryPoint><city>Bogotá, D.C.</city><administrativeArea>Bogotá, D.C.</administrativeArea>    </address>
<electronicMailAddress>ornitologiacolombiana@yahoo.com</electronicMailAddress><onlineUrl>http://www.ornitologiacolombiana.org</onlineUrl>    <role>CONTENT_PROVIDER</role>
    </associatedParty>
    <associatedParty>
    <individualName>
          <surName>Asociación Río Cali</surName>
    </individualName>
    <address>
<deliveryPoint>Colombia</deliveryPoint><city>Cali</city><administrativeArea>Valle del Cauca</administrativeArea>    </address>
<electronicMailAddress>asoriocali@gmail.com</electronicMailAddress><onlineUrl>http://asoriocali.tripod.com/</onlineUrl>    <role>CONTENT_PROVIDER</role>
    </associatedParty>
    <associatedParty>
    <individualName>
          <surName>Fondo Filantrópico ATA</surName>
    </individualName>
<organizationName>ATA</organizationName>    <address>
<deliveryPoint>Colombia</deliveryPoint><city>Salento</city><administrativeArea>Quindio</administrativeArea>    </address>
<electronicMailAddress>fondofilantropicoata@gmail.com</electronicMailAddress><onlineUrl>http://www.fondoata.org</onlineUrl>    <role>CONTENT_PROVIDER</role>
    </associatedParty>
    <associatedParty>
    <individualName>
          <surName>Asociación para el estudio y conservación de las aves acuáticas en Colombia</surName>
    </individualName>
<organizationName>CALIDRIS</organizationName>    <address>
<deliveryPoint>Colombia</deliveryPoint><city>Cali</city><administrativeArea>Valle del Cauca</administrativeArea>    </address>
<electronicMailAddress>calidris@calidris.org.co</electronicMailAddress><onlineUrl>http://calidris.org.co/</onlineUrl>    <role>CONTENT_PROVIDER</role>
    </associatedParty>
    <associatedParty>
    <individualName>
          <surName>Fundación Ecologica Gabriel Arango Restrepo</surName>
    </individualName>
<organizationName>FUNDEGAR</organizationName>    <address>
<deliveryPoint>Colombia</deliveryPoint><city>Manizales</city><administrativeArea>Caldas</administrativeArea>    </address>
<electronicMailAddress>sergiofundegar@gmail.com</electronicMailAddress><onlineUrl>http://www.fundegar.com</onlineUrl>    <role>CONTENT_PROVIDER</role>
    </associatedParty>
    <associatedParty>
    <individualName>
          <surName>Fundación Ornitológica del Quindio</surName>
    </individualName>
    <address>
<deliveryPoint>Colombia</deliveryPoint><city>Armenia</city><administrativeArea>Quindio</administrativeArea>    </address>
<electronicMailAddress>funormiquin@yahoo.com</electronicMailAddress>    <role>CONTENT_PROVIDER</role>
    </associatedParty>
    <associatedParty>
    <individualName>
          <surName>Fundación Ornitología Sierra Nevada</surName>
    </individualName>
<organizationName>FOSIN</organizationName>    <address>
<deliveryPoint>Colombia</deliveryPoint><city>Santa Marta</city><administrativeArea>Magdalena</administrativeArea>    </address>
    <role>CONTENT_PROVIDER</role>
    </associatedParty>
    <associatedParty>
    <individualName>
          <surName>Asociación GAICA</surName>
    </individualName>
<organizationName>GAICA</organizationName>    <address>
<deliveryPoint>Colombia</deliveryPoint><city>Pasto</city><administrativeArea>Nariño</administrativeArea>    </address>
<onlineUrl>http://www.gaica.org.co/</onlineUrl>    <role>CONTENT_PROVIDER</role>
    </associatedParty>
    <associatedParty>
    <individualName>
          <surName>Grupo de Observadores de Aves del Tolima</surName>
    </individualName>
<organizationName>GOAT</organizationName>    <address>
<deliveryPoint>Colombia</deliveryPoint><city>Ibague</city><administrativeArea>Tolima</administrativeArea>    </address>
<electronicMailAddress>goat@rnoa.org</electronicMailAddress>    <role>CONTENT_PROVIDER</role>
    </associatedParty>
    <associatedParty>
    <individualName>
          <surName>Instituto de Investigación de Recursos Biológicos - Alexander von Humboldt</surName>
    </individualName>
<organizationName>IAVH</organizationName>    <address>
<deliveryPoint>Colombia</deliveryPoint><city>Bogotá, D.C.</city><administrativeArea>Bogotá, D.C.</administrativeArea>    </address>
<onlineUrl>http://www.humboldt.org.co</onlineUrl>    <role>CONTENT_PROVIDER</role>
    </associatedParty>
    <associatedParty>
    <individualName>
          <surName>Asociación Ornitológica de Boyacá</surName>
    </individualName>
<organizationName>Ixobychus</organizationName>    <address>
<deliveryPoint>Colombia</deliveryPoint>    </address>
<electronicMailAddress>ixobrychus.exilis@yahoo.com</electronicMailAddress>    <role>CONTENT_PROVIDER</role>
    </associatedParty>
    <associatedParty>
    <individualName>
          <surName>Corporación KOTSALA</surName>
    </individualName>
<organizationName>KOTSALA</organizationName>    <address>
<deliveryPoint>Colombia</deliveryPoint>    </address>
<onlineUrl>http://corpokotsala.blogspot.com/</onlineUrl>    <role>CONTENT_PROVIDER</role>
    </associatedParty>
    <associatedParty>
    <individualName>
          <surName>Fundación Ornitológica del Atlántico</surName>
    </individualName>
<organizationName>ORNIAT</organizationName>    <address>
<deliveryPoint>Colombia</deliveryPoint>    </address>
    <role>CONTENT_PROVIDER</role>
    </associatedParty>
    <associatedParty>
    <individualName>
          <surName>Sociedad Antioqueña de Ornitología</surName>
    </individualName>
<organizationName>SAO</organizationName>    <address>
<deliveryPoint>Colombia</deliveryPoint><city>Medellín</city><administrativeArea>Antioquia</administrativeArea>    </address>
<onlineUrl>http://www.sao.org.co</onlineUrl>    <role>CONTENT_PROVIDER</role>
    </associatedParty>
    <associatedParty>
    <individualName>
          <surName>Sociedad Caldense de Ornitología</surName>
    </individualName>
<organizationName>SCO</organizationName>    <address>
<deliveryPoint>Colombia</deliveryPoint>    </address>
    <role>CONTENT_PROVIDER</role>
    </associatedParty>
    <associatedParty>
    <individualName>
          <surName>Sociedad Risaraldense de Ornitología</surName>
    </individualName>
<organizationName>SRO</organizationName>    <address>
<deliveryPoint>Colombia</deliveryPoint>    </address>
    <role>CONTENT_PROVIDER</role>
    </associatedParty>
    <associatedParty>
    <individualName>
          <surName>OCOTEA Organización Ambiental</surName>
    </individualName>
<organizationName>OCOTEA</organizationName>    <address>
<deliveryPoint>Colombia</deliveryPoint><city>Bogotá, D.C.</city><administrativeArea>Bogotá, D.C.</administrativeArea>    </address>
<electronicMailAddress>ocotea@gmail.com</electronicMailAddress>    <role>CONTENT_PROVIDER</role>
    </associatedParty>
    <associatedParty>
    <individualName>
          <surName>Grupo de ornitología universidad nacional</surName>
    </individualName>
<organizationName>GOUN</organizationName>    <address>
<deliveryPoint>Colombia</deliveryPoint><city>Bogotá, D.C.</city><administrativeArea>Bogotá, D.C.</administrativeArea>    </address>
<onlineUrl>http://goun-un.blogspot.com/</onlineUrl>    <role>CONTENT_PROVIDER</role>
    </associatedParty>
    <associatedParty>
    <individualName>
          <surName>Grupo de Estudios Ornitológicos</surName>
    </individualName>
<organizationName>GEO</organizationName>    <address>
<deliveryPoint>Colombia</deliveryPoint><city>Tunja</city><administrativeArea>Boyacá</administrativeArea>    </address>
<electronicMailAddress>geo_uptc@yahoo.es</electronicMailAddress>    <role>CONTENT_PROVIDER</role>
    </associatedParty>
    <associatedParty>
    <individualName>
          <surName>Cerrejon</surName>
    </individualName>
    <address>
<deliveryPoint>Colombia</deliveryPoint>    </address>
<onlineUrl>http://www.cerrejon.com/</onlineUrl>    <role>CONTENT_PROVIDER</role>
    </associatedParty>
    <associatedParty>
    <individualName>
          <surName>Fundacion George Dahl</surName>
    </individualName>
    <address>
<deliveryPoint>Colombia</deliveryPoint><city>Montería</city><administrativeArea>Cordoba</administrativeArea>    </address>
<onlineUrl>http://fundaciongeorgedahl.co/</onlineUrl>    <role>CONTENT_PROVIDER</role>
    </associatedParty>
      <pubDate>
      2018-10-25
      </pubDate>
    <language>SPANISH</language>
    <abstract>
        <para>El recurso presenta un listado de observaciones de aves para Colombia desde 1948 hasta 2011, se presenta un listado total de 413272 registros de aves con información sobre su taxonomía y zonas de distribución geográfica. El cual es producto de la recopilación de diversas iniciativas, entre las que se encuentran: DATAves base de datos de la Red Nacional de Observadores de Aves RNOA, Monitoreo de Avifauna del valle del Cerrejón, Café con sombra y reserva forestal como corredores biológicos, Censos Navideños de la Red nacional de Observadores de Aves, Monitoreos ambientales minas Pribe Now y el Descanso, recorridos en cauces de ríos y quebradas en el programa de monitoreo de fiebre amarilla. Este conjunto de datos fue creado originalmente por la Sociedad Antioqueña de Ornitología (SAO) y fue adoptado por la RNOA en el año 2007 y modificado al estándar de registros biológicos actual por las partes asociadas con los recursos de las organizaciones que son mencionadas como fuentes de financiación.</para>
    </abstract>
        <keywordSet>
              <keyword>Colombia</keyword>
              <keyword>Ornitología</keyword>
              <keyword>RNOA</keyword>
              <keyword>Observadores aves</keyword>
              <keyword>DATAVES</keyword>
              <keyword>Aves</keyword>
              <keywordThesaurus>NA</keywordThesaurus>
        </keywordSet>
        <keywordSet>
              <keyword>Occurrence</keyword>
              <keywordThesaurus>GBIF Dataset Type Vocabulary: http://rs.gbif.org/vocabulary/gbif/dataset_type.xml</keywordThesaurus>
        </keywordSet>
        <keywordSet>
              <keyword>Observation</keyword>
              <keywordThesaurus>GBIF Dataset Subtype Vocabulary: http://rs.gbif.org/vocabulary/gbif/dataset_subtype.xml</keywordThesaurus>
        </keywordSet>
        <keywordSet>
              <keyword>RNOA</keyword>
              <keywordThesaurus>SiB Colombia</keywordThesaurus>
        </keywordSet>
      <additionalInfo>
          <para>DATAves es la base de datos de la Red Nacional de Observadores de Aves de Colombia (RNOA). Como parte de un acuerdo entre el Laboratorio de Ornitología de Cornell y la Sociedad Nacional Audubon de Estados Unidos, este recurso web se integra lo mejor de estas dos herramientas, para que llevar un seguimiento de las aves que se observen en cualquier lugar de Colombia.</para>
      </additionalInfo>
      <intellectualRights>
        <para>To the extent possible under law, the publisher has waived all rights to these data and has dedicated them to the <ulink url="http://creativecommons.org/publicdomain/zero/1.0/legalcode"><citetitle>Public Domain (CC0 1.0)</citetitle></ulink>. Users may copy, modify, distribute and use the work, including for commercial purposes, without restriction.</para>
      </intellectualRights>
      <distribution scope="document">
          <online>
              <url function="information">http://ipt.sibcolombia.net/rnoa/resource.do?r=censo_aves_rnoa</url>
          </online>
      </distribution>
      <coverage>
            <geographicCoverage>
                  <geographicDescription>Los registros cubren la mayoria del territorio Colombiano.</geographicDescription>
                  <boundingCoordinates>
                      <westBoundingCoordinate>-81.72</westBoundingCoordinate>
                      <eastBoundingCoordinate>-67.5</eastBoundingCoordinate>
                      <northBoundingCoordinate>12.547</northBoundingCoordinate>
                      <southBoundingCoordinate>-3.805</southBoundingCoordinate>
                  </boundingCoordinates>
            </geographicCoverage>
          <temporalCoverage>
            <rangeOfDates>
              <beginDate>
                <calendarDate>      1948-04-28
</calendarDate>
              </beginDate>
              <endDate>
                <calendarDate>      2011-08-25
</calendarDate>
              </endDate>
            </rangeOfDates>
          </temporalCoverage>
              <taxonomicCoverage>
                    <generalTaxonomicCoverage>El recurso contiene 1652 especies, pertenecientes a 27 órdenes y 102 familias.</generalTaxonomicCoverage>
                    <taxonomicClassification>
                          <taxonRankName>Family</taxonRankName>
                        <taxonRankValue>Accipitridae</taxonRankValue>
                    </taxonomicClassification>
                    <taxonomicClassification>
                          <taxonRankName>Family</taxonRankName>
                        <taxonRankValue>Alaudidae</taxonRankValue>
                    </taxonomicClassification>
                    <taxonomicClassification>
                          <taxonRankName>Family</taxonRankName>
                        <taxonRankValue>Alcedinidae</taxonRankValue>
                    </taxonomicClassification>
                    <taxonomicClassification>
                          <taxonRankName>Family</taxonRankName>
                        <taxonRankValue>Anatidae</taxonRankValue>
                    </taxonomicClassification>
                    <taxonomicClassification>
                          <taxonRankName>Family</taxonRankName>
                        <taxonRankValue>Anhigidae</taxonRankValue>
                    </taxonomicClassification>
                    <taxonomicClassification>
                          <taxonRankName>Family</taxonRankName>
                        <taxonRankValue>Anhimidae</taxonRankValue>
                    </taxonomicClassification>
                    <taxonomicClassification>
                          <taxonRankName>Family</taxonRankName>
                        <taxonRankValue>Anhingidae</taxonRankValue>
                    </taxonomicClassification>
                    <taxonomicClassification>
                          <taxonRankName>Family</taxonRankName>
                        <taxonRankValue>Apodidae</taxonRankValue>
                    </taxonomicClassification>
                    <taxonomicClassification>
                          <taxonRankName>Family</taxonRankName>
                        <taxonRankValue>Aramidae</taxonRankValue>
                    </taxonomicClassification>
                    <taxonomicClassification>
                          <taxonRankName>Family</taxonRankName>
                        <taxonRankValue>Ardeidae</taxonRankValue>
                    </taxonomicClassification>
                    <taxonomicClassification>
                          <taxonRankName>Family</taxonRankName>
                        <taxonRankValue>Bucconidae</taxonRankValue>
                    </taxonomicClassification>
                    <taxonomicClassification>
                          <taxonRankName>Family</taxonRankName>
                        <taxonRankValue>Burhinidae</taxonRankValue>
                    </taxonomicClassification>
                    <taxonomicClassification>
                          <taxonRankName>Family</taxonRankName>
                        <taxonRankValue>Capitonidae</taxonRankValue>
                    </taxonomicClassification>
                    <taxonomicClassification>
                          <taxonRankName>Family</taxonRankName>
                        <taxonRankValue>Caprimulgidae</taxonRankValue>
                    </taxonomicClassification>
                    <taxonomicClassification>
                          <taxonRankName>Family</taxonRankName>
                        <taxonRankValue>Carthartidae</taxonRankValue>
                    </taxonomicClassification>
                    <taxonomicClassification>
                          <taxonRankName>Family</taxonRankName>
                        <taxonRankValue>Catamblyrhynchidae</taxonRankValue>
                    </taxonomicClassification>
                    <taxonomicClassification>
                          <taxonRankName>Family</taxonRankName>
                        <taxonRankValue>Cathartidae</taxonRankValue>
                    </taxonomicClassification>
                    <taxonomicClassification>
                          <taxonRankName>Family</taxonRankName>
                        <taxonRankValue>Certhiidae</taxonRankValue>
                    </taxonomicClassification>
                    <taxonomicClassification>
                          <taxonRankName>Family</taxonRankName>
                        <taxonRankValue>Cerylidae</taxonRankValue>
                    </taxonomicClassification>
                    <taxonomicClassification>
                          <taxonRankName>Family</taxonRankName>
                        <taxonRankValue>Charadriidae</taxonRankValue>
                    </taxonomicClassification>
                    <taxonomicClassification>
                          <taxonRankName>Family</taxonRankName>
                        <taxonRankValue>Ciconidae</taxonRankValue>
                    </taxonomicClassification>
                    <taxonomicClassification>
                          <taxonRankName>Family</taxonRankName>
                        <taxonRankValue>Ciconiidae</taxonRankValue>
                    </taxonomicClassification>
                    <taxonomicClassification>
                          <taxonRankName>Family</taxonRankName>
                        <taxonRankValue>Cinclidae</taxonRankValue>
                    </taxonomicClassification>
                    <taxonomicClassification>
                          <taxonRankName>Family</taxonRankName>
                        <taxonRankValue>Coccyzidae</taxonRankValue>
                    </taxonomicClassification>
                    <taxonomicClassification>
                          <taxonRankName>Family</taxonRankName>
                        <taxonRankValue>Cochleariidae</taxonRankValue>
                    </taxonomicClassification>
                    <taxonomicClassification>
                          <taxonRankName>Family</taxonRankName>
                        <taxonRankValue>Coerebidae</taxonRankValue>
                    </taxonomicClassification>
                    <taxonomicClassification>
                          <taxonRankName>Family</taxonRankName>
                        <taxonRankValue>Columbidae</taxonRankValue>
                    </taxonomicClassification>
                    <taxonomicClassification>
                          <taxonRankName>Family</taxonRankName>
                        <taxonRankValue>Conopophagidae</taxonRankValue>
                    </taxonomicClassification>
                    <taxonomicClassification>
                          <taxonRankName>Family</taxonRankName>
                        <taxonRankValue>Corvidae</taxonRankValue>
                    </taxonomicClassification>
                    <taxonomicClassification>
                          <taxonRankName>Family</taxonRankName>
                        <taxonRankValue>Cotingidae</taxonRankValue>
                    </taxonomicClassification>
                    <taxonomicClassification>
                          <taxonRankName>Family</taxonRankName>
                        <taxonRankValue>Cracidae</taxonRankValue>
                    </taxonomicClassification>
                    <taxonomicClassification>
                          <taxonRankName>Family</taxonRankName>
                        <taxonRankValue>Crotophagidae</taxonRankValue>
                    </taxonomicClassification>
                    <taxonomicClassification>
                          <taxonRankName>Family</taxonRankName>
                        <taxonRankValue>Cuculidae</taxonRankValue>
                    </taxonomicClassification>
                    <taxonomicClassification>
                          <taxonRankName>Family</taxonRankName>
                        <taxonRankValue>Dendrocolaptidae</taxonRankValue>
                    </taxonomicClassification>
                    <taxonomicClassification>
                          <taxonRankName>Family</taxonRankName>
                        <taxonRankValue>Dendrocygnidae</taxonRankValue>
                    </taxonomicClassification>
                    <taxonomicClassification>
                          <taxonRankName>Family</taxonRankName>
                        <taxonRankValue>Diomedeidae</taxonRankValue>
                    </taxonomicClassification>
                    <taxonomicClassification>
                          <taxonRankName>Family</taxonRankName>
                        <taxonRankValue>Eurypygidae</taxonRankValue>
                    </taxonomicClassification>
                    <taxonomicClassification>
                          <taxonRankName>Family</taxonRankName>
                        <taxonRankValue>Falconidae</taxonRankValue>
                    </taxonomicClassification>
                    <taxonomicClassification>
                          <taxonRankName>Family</taxonRankName>
                        <taxonRankValue>Formicariidae</taxonRankValue>
                    </taxonomicClassification>
                    <taxonomicClassification>
                          <taxonRankName>Family</taxonRankName>
                        <taxonRankValue>Fregatidae</taxonRankValue>
                    </taxonomicClassification>
                    <taxonomicClassification>
                          <taxonRankName>Family</taxonRankName>
                        <taxonRankValue>Fringillidae</taxonRankValue>
                    </taxonomicClassification>
                    <taxonomicClassification>
                          <taxonRankName>Family</taxonRankName>
                        <taxonRankValue>Furnaridae</taxonRankValue>
                    </taxonomicClassification>
                    <taxonomicClassification>
                          <taxonRankName>Family</taxonRankName>
                        <taxonRankValue>Furnariidae</taxonRankValue>
                    </taxonomicClassification>
                    <taxonomicClassification>
                          <taxonRankName>Family</taxonRankName>
                        <taxonRankValue>Galbulidae</taxonRankValue>
                    </taxonomicClassification>
                    <taxonomicClassification>
                          <taxonRankName>Family</taxonRankName>
                        <taxonRankValue>Haematopodidae</taxonRankValue>
                    </taxonomicClassification>
                    <taxonomicClassification>
                          <taxonRankName>Family</taxonRankName>
                        <taxonRankValue>Heliornithidae</taxonRankValue>
                    </taxonomicClassification>
                    <taxonomicClassification>
                          <taxonRankName>Family</taxonRankName>
                        <taxonRankValue>Hirundinidae</taxonRankValue>
                    </taxonomicClassification>
                    <taxonomicClassification>
                          <taxonRankName>Family</taxonRankName>
                        <taxonRankValue>Hydrobatidae</taxonRankValue>
                    </taxonomicClassification>
                    <taxonomicClassification>
                          <taxonRankName>Family</taxonRankName>
                        <taxonRankValue>Icteridae</taxonRankValue>
                    </taxonomicClassification>
                    <taxonomicClassification>
                          <taxonRankName>Family</taxonRankName>
                        <taxonRankValue>Jacanidae</taxonRankValue>
                    </taxonomicClassification>
                    <taxonomicClassification>
                          <taxonRankName>Family</taxonRankName>
                        <taxonRankValue>Laridae</taxonRankValue>
                    </taxonomicClassification>
                    <taxonomicClassification>
                          <taxonRankName>Family</taxonRankName>
                        <taxonRankValue>Mimidae</taxonRankValue>
                    </taxonomicClassification>
                    <taxonomicClassification>
                          <taxonRankName>Family</taxonRankName>
                        <taxonRankValue>Momotidae</taxonRankValue>
                    </taxonomicClassification>
                    <taxonomicClassification>
                          <taxonRankName>Family</taxonRankName>
                        <taxonRankValue>Motacillidae</taxonRankValue>
                    </taxonomicClassification>
                    <taxonomicClassification>
                          <taxonRankName>Family</taxonRankName>
                        <taxonRankValue>Muscicapidae</taxonRankValue>
                    </taxonomicClassification>
                    <taxonomicClassification>
                          <taxonRankName>Family</taxonRankName>
                        <taxonRankValue>Neomorphidae</taxonRankValue>
                    </taxonomicClassification>
                    <taxonomicClassification>
                          <taxonRankName>Family</taxonRankName>
                        <taxonRankValue>Nictibidae</taxonRankValue>
                    </taxonomicClassification>
                    <taxonomicClassification>
                          <taxonRankName>Family</taxonRankName>
                        <taxonRankValue>Nyctibiidae</taxonRankValue>
                    </taxonomicClassification>
                    <taxonomicClassification>
                          <taxonRankName>Family</taxonRankName>
                        <taxonRankValue>Odontophoridae</taxonRankValue>
                    </taxonomicClassification>
                    <taxonomicClassification>
                          <taxonRankName>Family</taxonRankName>
                        <taxonRankValue>Opisthocomidae</taxonRankValue>
                    </taxonomicClassification>
                    <taxonomicClassification>
                          <taxonRankName>Family</taxonRankName>
                        <taxonRankValue>Pandionidae</taxonRankValue>
                    </taxonomicClassification>
                    <taxonomicClassification>
                          <taxonRankName>Family</taxonRankName>
                        <taxonRankValue>Parulidae</taxonRankValue>
                    </taxonomicClassification>
                    <taxonomicClassification>
                          <taxonRankName>Family</taxonRankName>
                        <taxonRankValue>Passeridae</taxonRankValue>
                    </taxonomicClassification>
                    <taxonomicClassification>
                          <taxonRankName>Family</taxonRankName>
                        <taxonRankValue>Pelecanidae</taxonRankValue>
                    </taxonomicClassification>
                    <taxonomicClassification>
                          <taxonRankName>Family</taxonRankName>
                        <taxonRankValue>Phaethontidae</taxonRankValue>
                    </taxonomicClassification>
                    <taxonomicClassification>
                          <taxonRankName>Family</taxonRankName>
                        <taxonRankValue>Phalacrocoracidae</taxonRankValue>
                    </taxonomicClassification>
                    <taxonomicClassification>
                          <taxonRankName>Family</taxonRankName>
                        <taxonRankValue>Phalaropodidae</taxonRankValue>
                    </taxonomicClassification>
                    <taxonomicClassification>
                          <taxonRankName>Family</taxonRankName>
                        <taxonRankValue>Phasianidae</taxonRankValue>
                    </taxonomicClassification>
                    <taxonomicClassification>
                          <taxonRankName>Family</taxonRankName>
                        <taxonRankValue>Phoenicopteridae</taxonRankValue>
                    </taxonomicClassification>
                    <taxonomicClassification>
                          <taxonRankName>Family</taxonRankName>
                        <taxonRankValue>Picidae</taxonRankValue>
                    </taxonomicClassification>
                    <taxonomicClassification>
                          <taxonRankName>Family</taxonRankName>
                        <taxonRankValue>Pipridae</taxonRankValue>
                    </taxonomicClassification>
                    <taxonomicClassification>
                          <taxonRankName>Family</taxonRankName>
                        <taxonRankValue>Ploceidae</taxonRankValue>
                    </taxonomicClassification>
                    <taxonomicClassification>
                          <taxonRankName>Family</taxonRankName>
                        <taxonRankValue>Podicipedidae</taxonRankValue>
                    </taxonomicClassification>
                    <taxonomicClassification>
                          <taxonRankName>Family</taxonRankName>
                        <taxonRankValue>Procellariidae</taxonRankValue>
                    </taxonomicClassification>
                    <taxonomicClassification>
                          <taxonRankName>Family</taxonRankName>
                        <taxonRankValue>Psittacidae</taxonRankValue>
                    </taxonomicClassification>
                    <taxonomicClassification>
                          <taxonRankName>Family</taxonRankName>
                        <taxonRankValue>Psophiidae</taxonRankValue>
                    </taxonomicClassification>
                    <taxonomicClassification>
                          <taxonRankName>Family</taxonRankName>
                        <taxonRankValue>Rallidae</taxonRankValue>
                    </taxonomicClassification>
                    <taxonomicClassification>
                          <taxonRankName>Family</taxonRankName>
                        <taxonRankValue>Ramphastidae</taxonRankValue>
                    </taxonomicClassification>
                    <taxonomicClassification>
                          <taxonRankName>Family</taxonRankName>
                        <taxonRankValue>Recurvirostridae</taxonRankValue>
                    </taxonomicClassification>
                    <taxonomicClassification>
                          <taxonRankName>Family</taxonRankName>
                        <taxonRankValue>Rhinocryptidae</taxonRankValue>
                    </taxonomicClassification>
                    <taxonomicClassification>
                          <taxonRankName>Family</taxonRankName>
                        <taxonRankValue>Rupicolidae</taxonRankValue>
                    </taxonomicClassification>
                    <taxonomicClassification>
                          <taxonRankName>Family</taxonRankName>
                        <taxonRankValue>Sapayaoidae</taxonRankValue>
                    </taxonomicClassification>
                    <taxonomicClassification>
                          <taxonRankName>Family</taxonRankName>
                        <taxonRankValue>Scolopacidae</taxonRankValue>
                    </taxonomicClassification>
                    <taxonomicClassification>
                          <taxonRankName>Family</taxonRankName>
                        <taxonRankValue>Spheniscidae</taxonRankValue>
                    </taxonomicClassification>
                    <taxonomicClassification>
                          <taxonRankName>Family</taxonRankName>
                        <taxonRankValue>Steatornithidae</taxonRankValue>
                    </taxonomicClassification>
                    <taxonomicClassification>
                          <taxonRankName>Family</taxonRankName>
                        <taxonRankValue>Strigidae</taxonRankValue>
                    </taxonomicClassification>
                    <taxonomicClassification>
                          <taxonRankName>Family</taxonRankName>
                        <taxonRankValue>Sturnidae</taxonRankValue>
                    </taxonomicClassification>
                    <taxonomicClassification>
                          <taxonRankName>Family</taxonRankName>
                        <taxonRankValue>Sulidae</taxonRankValue>
                    </taxonomicClassification>
                    <taxonomicClassification>
                          <taxonRankName>Family</taxonRankName>
                        <taxonRankValue>Sylviidae</taxonRankValue>
                    </taxonomicClassification>
                    <taxonomicClassification>
                          <taxonRankName>Family</taxonRankName>
                        <taxonRankValue>Tersinidae</taxonRankValue>
                    </taxonomicClassification>
                    <taxonomicClassification>
                          <taxonRankName>Family</taxonRankName>
                        <taxonRankValue>Thamnophilidae</taxonRankValue>
                    </taxonomicClassification>
                    <taxonomicClassification>
                          <taxonRankName>Family</taxonRankName>
                        <taxonRankValue>Thraupidae</taxonRankValue>
                    </taxonomicClassification>
                    <taxonomicClassification>
                          <taxonRankName>Family</taxonRankName>
                        <taxonRankValue>Threskiornithidae</taxonRankValue>
                    </taxonomicClassification>
                    <taxonomicClassification>
                          <taxonRankName>Family</taxonRankName>
                        <taxonRankValue>Threskiornitidae</taxonRankValue>
                    </taxonomicClassification>
                    <taxonomicClassification>
                          <taxonRankName>Family</taxonRankName>
                        <taxonRankValue>Tinamidae</taxonRankValue>
                    </taxonomicClassification>
                    <taxonomicClassification>
                          <taxonRankName>Family</taxonRankName>
                        <taxonRankValue>Trochilidae</taxonRankValue>
                    </taxonomicClassification>
                    <taxonomicClassification>
                          <taxonRankName>Family</taxonRankName>
                        <taxonRankValue>Troglodytidae</taxonRankValue>
                    </taxonomicClassification>
                    <taxonomicClassification>
                          <taxonRankName>Family</taxonRankName>
                        <taxonRankValue>Trogonidae</taxonRankValue>
                    </taxonomicClassification>
                    <taxonomicClassification>
                          <taxonRankName>Family</taxonRankName>
                        <taxonRankValue>Turdidae</taxonRankValue>
                    </taxonomicClassification>
                    <taxonomicClassification>
                          <taxonRankName>Family</taxonRankName>
                        <taxonRankValue>Tyrannidae</taxonRankValue>
                    </taxonomicClassification>
                    <taxonomicClassification>
                          <taxonRankName>Family</taxonRankName>
                        <taxonRankValue>Tytonidae</taxonRankValue>
                    </taxonomicClassification>
                    <taxonomicClassification>
                          <taxonRankName>Family</taxonRankName>
                        <taxonRankValue>Vireonidae</taxonRankValue>
                    </taxonomicClassification>
              </taxonomicCoverage>
      </coverage>
      <maintenance>
          <description>
              <para></para>
          </description>
          <maintenanceUpdateFrequency>unkown</maintenanceUpdateFrequency>
      </maintenance>
      <contact>
    <individualName>
<givenName>Gualberto</givenName>          <surName>Naranjo Maury</surName>
    </individualName>
<organizationName>RNOA</organizationName><positionName>Investigador</positionName><electronicMailAddress>waly@dunanzhe.com</electronicMailAddress><onlineUrl>http://www.rnoa.org</onlineUrl>      </contact>
      <methods>
            <methodStep>
                <description>
                    <para>Observación del espécimen en campo</para>
                </description>
            </methodStep>
            <methodStep>
                <description>
                    <para>Comparación del espécimen con las guías</para>
                </description>
            </methodStep>
            <sampling>
                <studyExtent>
                    <description>
                        <para>Colombia</para>
                    </description>
                </studyExtent>
                <samplingDescription>
                    <para>Observaciones en campo y comparación con guías de campo.</para>
                </samplingDescription>
            </sampling>
            <qualityControl>
                <description>
                    <para>Se realizo la verificación de las georeferencias, por medio de herramientas SIG y consultas con gazeteros. Para algunos registros se realizo la confirmación directamente con el observador.
La autoridad taxonómica en la que se basan los nombres consignados fue la establecida por AOU en http://www.museum.lsu.edu/~Remsen/SACCBaseline.html</para>
                </description>
            </qualityControl>
      </methods>

      <project >
          <title>DATAVES</title>
          <personnel>
    <individualName>
          <surName>RNOA</surName>
    </individualName>
    <role>ADMINISTRATIVE_POINT_OF_CONTACT</role>
          </personnel>
          <abstract>
              <para></para>
          </abstract>
          <funding>
              <para>SAO, RNOA, Instituto de Investigaciones Biológicas Alexander von Humboldt.</para>
          </funding>
      </project>
</dataset>

<additionalMetadata>
    <metadata>
      <gbif>
        <dateStamp>2020-04-07T21:57:40Z</dateStamp>
      <citation identifier="http://doi.org/10.15472/iqnpse">Red Nacional de Observadores de Aves (RNOA) (2018). DATAVES. Version 7.1. Occurrence dataset https://doi.org/10.15472/iqnpse accessed via GBIF.org on 2020-04-07.</citation>
              <physical>
                  <objectName>eBird</objectName>
                  <characterEncoding>Enlace a</characterEncoding>
                  <dataFormat>
                      <externallyDefinedFormat>
                          <formatName>Portal</formatName>
                            <formatVersion>web</formatVersion>
                      </externallyDefinedFormat>
                  </dataFormat>
                  <distribution>
                      <online>
                          <url function="download">http://ebird.org/content/ebird/</url>
                      </online>
                  </distribution>
              </physical>
              <physical>
                  <objectName>DATAVES</objectName>
                  <characterEncoding>Enlace a</characterEncoding>
                  <dataFormat>
                      <externallyDefinedFormat>
                          <formatName>Portal</formatName>
                            <formatVersion>web</formatVersion>
                      </externallyDefinedFormat>
                  </dataFormat>
                  <distribution>
                      <online>
                          <url function="download">http://dataves.org/</url>
                      </online>
                  </distribution>
              </physical>
              <resourceLogoUrl>https://s3.amazonaws.com/sib-resources/images/logos-socios/portal-sib/Logo-rnoa.png</resourceLogoUrl>
        </gbif>
    </metadata>
</additionalMetadata>

</eml:eml>
