<?xml version="1.0" encoding="utf-8"?>
<eml:eml xmlns:eml="eml://ecoinformatics.org/eml-2.1.1" xmlns:xsi="http://www.w3.org/2001/XMLSchema-instance"
         xsi:schemaLocation="eml://ecoinformatics.org/eml-2.1.1 http://rs.gbif.org/schema/eml-gbif-profile/1.1/eml.xsd"
        packageId="db0fb078-4134-4dbd-893a-cf7749d33929"  system="http://gbif.org" scope="system"
  xml:lang="es">

<dataset>
      <alternateIdentifier>10.15472/kgovhx</alternateIdentifier>
        <alternateIdentifier>http://ipt.biodiversidad.co/sib/resource?r=isagen-2008-46-2421</alternateIdentifier>
        <alternateIdentifier>10.15468/h4wk9n</alternateIdentifier>
        <alternateIdentifier>http://data.biodiversidad.co/sib/resource?r=isagen-2008-46-2421</alternateIdentifier>
        <alternateIdentifier>http://ipt.sibcolombia.net/sib/resource.do?r=isagen-2008-46-2421</alternateIdentifier>
        <alternateIdentifier>db0fb078-4134-4dbd-893a-cf7749d33929</alternateIdentifier>
        <alternateIdentifier>14582</alternateIdentifier>
    <title>Registros biológicos de especies de fauna vertebrada terrestre en las centrales de San Carlos y Jaguas - 2007</title>
    <creator>
    <individualName>
<givenName>Clara María</givenName>          <surName>Peréz Gallego</surName>
    </individualName>
<organizationName>ISAGEN S.A.</organizationName><positionName>Analista de Gestión Ambiental</positionName>    <address>
<deliveryPoint>Cra 43 A No. 11 A - 80</deliveryPoint><city>Medellín</city><administrativeArea>Antioquia</administrativeArea><country>COLOMBIA</country>    </address>
<phone>+57 44440057</phone><electronicMailAddress>cperez@isagen.com</electronicMailAddress><onlineUrl>http://www.isagen.com.co/</onlineUrl>    </creator>
    <metadataProvider>
    <individualName>
<givenName>Clara María</givenName>          <surName>Peréz Gallego</surName>
    </individualName>
<organizationName>ISAGEN S.A.</organizationName><positionName>Analista de Gestión Ambiental</positionName>    <address>
<deliveryPoint>Cra 43 A No. 11 A - 80</deliveryPoint><city>Medellín</city><administrativeArea>Antioquia</administrativeArea><country>COLOMBIA</country>    </address>
<phone>+57 44440057</phone><electronicMailAddress>cperez@isagen.com</electronicMailAddress><onlineUrl>http://www.isagen.com.co/</onlineUrl>    </metadataProvider>
    <associatedParty>
    <individualName>
<givenName>Clara María</givenName>          <surName>Peréz Gallego</surName>
    </individualName>
<organizationName>ISAGEN S.A.</organizationName><positionName>Analista de Gestión Ambiental</positionName>    <address>
<deliveryPoint>Cra 43 A No. 11 A - 80</deliveryPoint><city>Medellín</city><administrativeArea>Antioquia</administrativeArea><country>COLOMBIA</country>    </address>
<phone>+57 44440057</phone><electronicMailAddress>cperez@isagen.com</electronicMailAddress><onlineUrl>http://www.isagen.com.co/</onlineUrl>    <role>PUBLISHER</role>
    </associatedParty>
    <associatedParty>
    <individualName>
<givenName>Luisa Fernanda</givenName>          <surName>Álvarez Arango</surName>
    </individualName>
<organizationName>ISAGEN S.A.</organizationName><positionName>Coordinadora general contrato 46/2421</positionName>    <address>
<city>Medellín</city><administrativeArea>Antioquia</administrativeArea><country>COLOMBIA</country>    </address>
    <role>CONTENT_PROVIDER</role>
    </associatedParty>
    <associatedParty>
    <individualName>
<givenName>Lina María</givenName>          <surName>Hinestroza Blandón</surName>
    </individualName>
<organizationName>ISAGEN S.A.</organizationName><positionName>Coordinadora Herpetofauna contrato 46/2421</positionName>    <address>
<city>Medellín</city><administrativeArea>Antioquia</administrativeArea><country>COLOMBIA</country>    </address>
    <role>CONTENT_PROVIDER</role>
    </associatedParty>
    <associatedParty>
    <individualName>
<givenName>Carolina</givenName>          <surName>Zapata Escobar</surName>
    </individualName>
<organizationName>ISAGEN S.A.</organizationName><positionName>Coordinadora Mastofauna contrato 46/2421</positionName>    <address>
<city>Medellín</city><administrativeArea>Antioquia</administrativeArea><country>COLOMBIA</country>    </address>
    <role>CONTENT_PROVIDER</role>
    </associatedParty>
    <associatedParty>
    <individualName>
<givenName>Andres Felipe</givenName>          <surName>Peña Monroy</surName>
    </individualName>
<organizationName>ISAGEN S.A.</organizationName><positionName>Coordinador Avifauna contrato 46/2421</positionName>    <address>
<city>Medellín</city><administrativeArea>Antioquia</administrativeArea><country>COLOMBIA</country>    </address>
    <role>CONTENT_PROVIDER</role>
    </associatedParty>
    <associatedParty>
    <individualName>
<givenName>Lucas Santiago</givenName>          <surName>Barrientos Correa</surName>
    </individualName>
<organizationName>ISAGEN S.A.</organizationName><positionName>Auxiliar Herpetofauna contrato 46/2421</positionName>    <address>
<city>Medellín</city><administrativeArea>Antioquia</administrativeArea><country>COLOMBIA</country>    </address>
    <role>CONTENT_PROVIDER</role>
    </associatedParty>
    <associatedParty>
    <individualName>
<givenName>Lucas</givenName>          <surName>Arias Álvarez</surName>
    </individualName>
<organizationName>ISAGEN S.A.</organizationName><positionName>Auxiliar Mastofauna contrato 46/2421</positionName>    <address>
<city>Medellín</city><administrativeArea>Antioquia</administrativeArea><country>COLOMBIA</country>    </address>
    <role>CONTENT_PROVIDER</role>
    </associatedParty>
      <pubDate>
      2018-01-17
      </pubDate>
    <language>SPANISH</language>
    <abstract>
        <para>El presente recurso comprende la continuación del monitoreo de fauna vertebrada terrestre realizado en el año 2006 en las Centrales Jaguas y San Carlos, ubicadas en el Oriente Antioqueño.

Para la ejecución de las actividades de campo de todos los componentes faunísticos (herpetofauna, aves y mamíferos), se llevaron a cabo cuatro salidas de campo en cada una de las centrales, considerando los dos periodos contrastantes que caracterizan el ciclo climático anual (temporada de lluvias y temporada seca), para un total de 104 días de muestreo. En total se realizaron 52 días de campo en época de lluvias y 52 días para época seca, repartidos en los dos semestres del año. El esfuerzo de muestreo por cobertura vegetal y por periodo climático fue: bosque secundario 10 días, rastrojo alto 10 días y pastizales o áreas intervenidas, seis días.

Además, se realizó una evaluación de los estudios previos sobre fauna vertebrada realizados por ISAGEN en la zona de influencia de los embalses y de la información secundaria existente sobre la fauna de la región.  Finalmente, se procedió a la integración y análisis de toda la información obtenida en el estudio.

Este recurso contiene 4982 registos de los componentes faunísticos mencionados anteriormente.</para>
    </abstract>
        <keywordSet>
              <keyword>Reptiles</keyword>
              <keyword>Central hidroeléctrica</keyword>
              <keyword>Anfibios</keyword>
              <keyword>Isagen</keyword>
              <keyword>Mamíferos</keyword>
              <keyword>Antioquia</keyword>
              <keyword>Aves</keyword>
              <keyword>inventario</keyword>
              <keyword>monitoreo.</keyword>
              <keywordThesaurus>n/a</keywordThesaurus>
        </keywordSet>
        <keywordSet>
              <keyword>Occurrence</keyword>
              <keywordThesaurus>GBIF Dataset Type Vocabulary: http://rs.gbif.org/vocabulary/gbif/dataset_type.xml</keywordThesaurus>
        </keywordSet>
        <keywordSet>
              <keyword>Observation</keyword>
              <keywordThesaurus>GBIF Dataset Subtype Vocabulary: http://rs.gbif.org/vocabulary/gbif/dataset_subtype.xml</keywordThesaurus>
        </keywordSet>
      <intellectualRights>
        <para>To the extent possible under law, the publisher has waived all rights to these data and has dedicated them to the <ulink url="http://creativecommons.org/publicdomain/zero/1.0/legalcode"><citetitle>Public Domain (CC0 1.0)</citetitle></ulink>. Users may copy, modify, distribute and use the work, including for commercial purposes, without restriction.</para>
      </intellectualRights>
      <distribution scope="document">
          <online>
              <url function="information">http://ipt.sibcolombia.net/sib/resource.do?r=isagen-2008-46-2421</url>
          </online>
      </distribution>
      <coverage>
            <geographicCoverage>
                  <geographicDescription>Departamento de Antioquia, municipio de San Carlos.</geographicDescription>
                  <boundingCoordinates>
                      <westBoundingCoordinate>-75.121</westBoundingCoordinate>
                      <eastBoundingCoordinate>-74.012</eastBoundingCoordinate>
                      <northBoundingCoordinate>6.411</northBoundingCoordinate>
                      <southBoundingCoordinate>6.193</southBoundingCoordinate>
                  </boundingCoordinates>
            </geographicCoverage>
          <temporalCoverage>
            <rangeOfDates>
              <beginDate>
                <calendarDate>      2007-05-12
</calendarDate>
              </beginDate>
              <endDate>
                <calendarDate>      2008-01-29
</calendarDate>
              </endDate>
            </rangeOfDates>
          </temporalCoverage>
              <taxonomicCoverage>
                    <generalTaxonomicCoverage>19 géneros de Anfibios: Bolitoglossa, Caecilia, Centrolene, Chaunus, Cochranella, Colostethus,  Craugastor, Dendrobates, Dendropsophus, Eleutherodactylus, Engystomus, Hyloxalus, Hypsiboas, Leptodactylus, Lithobates, Relictivomer, Rhinella, Scinax, Smilisca.

El 100% de los registros se encuentran identificados hasta especie.</generalTaxonomicCoverage>
                    <taxonomicClassification>
                          <taxonRankName>Genus</taxonRankName>
                        <taxonRankValue>Bolitoglossa</taxonRankValue>
                    </taxonomicClassification>
                    <taxonomicClassification>
                          <taxonRankName>Genus</taxonRankName>
                        <taxonRankValue>Caecilia</taxonRankValue>
                    </taxonomicClassification>
                    <taxonomicClassification>
                          <taxonRankName>Genus</taxonRankName>
                        <taxonRankValue>Centrolene</taxonRankValue>
                    </taxonomicClassification>
                    <taxonomicClassification>
                          <taxonRankName>Genus</taxonRankName>
                        <taxonRankValue>Chaunus</taxonRankValue>
                    </taxonomicClassification>
                    <taxonomicClassification>
                          <taxonRankName>Genus</taxonRankName>
                        <taxonRankValue>Cochranella</taxonRankValue>
                    </taxonomicClassification>
                    <taxonomicClassification>
                          <taxonRankName>Genus</taxonRankName>
                        <taxonRankValue>Colostethus</taxonRankValue>
                    </taxonomicClassification>
                    <taxonomicClassification>
                          <taxonRankName>Genus</taxonRankName>
                        <taxonRankValue>Craugastor</taxonRankValue>
                    </taxonomicClassification>
                    <taxonomicClassification>
                          <taxonRankName>Genus</taxonRankName>
                        <taxonRankValue>Dendrobates</taxonRankValue>
                    </taxonomicClassification>
                    <taxonomicClassification>
                          <taxonRankName>Genus</taxonRankName>
                        <taxonRankValue>Dendropsophus</taxonRankValue>
                    </taxonomicClassification>
                    <taxonomicClassification>
                          <taxonRankName>Genus</taxonRankName>
                        <taxonRankValue>Eleutherodactylus</taxonRankValue>
                    </taxonomicClassification>
                    <taxonomicClassification>
                          <taxonRankName>Genus</taxonRankName>
                        <taxonRankValue>Engystomus</taxonRankValue>
                    </taxonomicClassification>
                    <taxonomicClassification>
                          <taxonRankName>Genus</taxonRankName>
                        <taxonRankValue>Hyloxalus</taxonRankValue>
                    </taxonomicClassification>
                    <taxonomicClassification>
                          <taxonRankName>Genus</taxonRankName>
                        <taxonRankValue>Hypsiboas</taxonRankValue>
                    </taxonomicClassification>
                    <taxonomicClassification>
                          <taxonRankName>Genus</taxonRankName>
                        <taxonRankValue>Leptodactylus</taxonRankValue>
                    </taxonomicClassification>
                    <taxonomicClassification>
                          <taxonRankName>Genus</taxonRankName>
                        <taxonRankValue>Lithobates</taxonRankValue>
                    </taxonomicClassification>
                    <taxonomicClassification>
                          <taxonRankName>Genus</taxonRankName>
                        <taxonRankValue>Relictivomer</taxonRankValue>
                    </taxonomicClassification>
                    <taxonomicClassification>
                          <taxonRankName>Genus</taxonRankName>
                        <taxonRankValue>Rhinella</taxonRankValue>
                    </taxonomicClassification>
                    <taxonomicClassification>
                          <taxonRankName>Genus</taxonRankName>
                        <taxonRankValue>Scinax</taxonRankValue>
                    </taxonomicClassification>
                    <taxonomicClassification>
                          <taxonRankName>Genus</taxonRankName>
                        <taxonRankValue>Smilisca</taxonRankValue>
                    </taxonomicClassification>
              </taxonomicCoverage>
              <taxonomicCoverage>
                    <generalTaxonomicCoverage>47 familias de Aves: Accipitridae, Alcedinidae, Anhingidae, Apodidae, Ardeidae, Bucconidae, Capitonidae, Caprimulgidae, Cathartidae, Charadriidae, Coerebidae, Columbidae, Corvidae, Cotingidae, Cracidae, Cuculidae, Dendrocolaptidae, Falconidae, Formicariidae, Fringillidae, Furnariidae, Galbulidae, Hirundinidae, Icteridae, Mimidae, Momotidae, Odonthophoridae, Pandionidae, Parulidae, Picidae, Pipridae, Psittacidae, Rallidae, Ramphastidae, Scolopacidae, Strigidae, Tersinidae, Thamnophilidae, Thraupidae, Tinamidae, Trochilidae, Troglodytidae, Trogonidae, Turdidae, Tyrannidae, Tytonidae, Vireonidae.

El 100% de los registros se encuentran identificado hasta especie.</generalTaxonomicCoverage>
                    <taxonomicClassification>
                          <taxonRankName>Family</taxonRankName>
                        <taxonRankValue>Accipitridae</taxonRankValue>
                    </taxonomicClassification>
                    <taxonomicClassification>
                          <taxonRankName>Family</taxonRankName>
                        <taxonRankValue>Alcedinidae</taxonRankValue>
                    </taxonomicClassification>
                    <taxonomicClassification>
                          <taxonRankName>Family</taxonRankName>
                        <taxonRankValue>Anhingidae</taxonRankValue>
                    </taxonomicClassification>
                    <taxonomicClassification>
                          <taxonRankName>Family</taxonRankName>
                        <taxonRankValue>Apodidae</taxonRankValue>
                    </taxonomicClassification>
                    <taxonomicClassification>
                          <taxonRankName>Family</taxonRankName>
                        <taxonRankValue>Ardeidae</taxonRankValue>
                    </taxonomicClassification>
                    <taxonomicClassification>
                          <taxonRankName>Family</taxonRankName>
                        <taxonRankValue>Bucconidae</taxonRankValue>
                    </taxonomicClassification>
                    <taxonomicClassification>
                          <taxonRankName>Family</taxonRankName>
                        <taxonRankValue>Capitonidae</taxonRankValue>
                    </taxonomicClassification>
                    <taxonomicClassification>
                          <taxonRankName>Family</taxonRankName>
                        <taxonRankValue>Caprimulgidae</taxonRankValue>
                    </taxonomicClassification>
                    <taxonomicClassification>
                          <taxonRankName>Family</taxonRankName>
                        <taxonRankValue>Cathartidae</taxonRankValue>
                    </taxonomicClassification>
                    <taxonomicClassification>
                          <taxonRankName>Family</taxonRankName>
                        <taxonRankValue>Charadriidae</taxonRankValue>
                    </taxonomicClassification>
                    <taxonomicClassification>
                          <taxonRankName>Family</taxonRankName>
                        <taxonRankValue>Coerebidae</taxonRankValue>
                    </taxonomicClassification>
                    <taxonomicClassification>
                          <taxonRankName>Family</taxonRankName>
                        <taxonRankValue>Columbidae</taxonRankValue>
                    </taxonomicClassification>
                    <taxonomicClassification>
                          <taxonRankName>Family</taxonRankName>
                        <taxonRankValue>Corvidae</taxonRankValue>
                    </taxonomicClassification>
                    <taxonomicClassification>
                          <taxonRankName>Family</taxonRankName>
                        <taxonRankValue>Cotingidae</taxonRankValue>
                    </taxonomicClassification>
                    <taxonomicClassification>
                          <taxonRankName>Family</taxonRankName>
                        <taxonRankValue>Cracidae</taxonRankValue>
                    </taxonomicClassification>
                    <taxonomicClassification>
                          <taxonRankName>Family</taxonRankName>
                        <taxonRankValue>Cuculidae</taxonRankValue>
                    </taxonomicClassification>
                    <taxonomicClassification>
                          <taxonRankName>Family</taxonRankName>
                        <taxonRankValue>Dendrocolaptidae</taxonRankValue>
                    </taxonomicClassification>
                    <taxonomicClassification>
                          <taxonRankName>Family</taxonRankName>
                        <taxonRankValue>Falconidae</taxonRankValue>
                    </taxonomicClassification>
                    <taxonomicClassification>
                          <taxonRankName>Family</taxonRankName>
                        <taxonRankValue>Formicariidae</taxonRankValue>
                    </taxonomicClassification>
                    <taxonomicClassification>
                          <taxonRankName>Family</taxonRankName>
                        <taxonRankValue>Fringillidae</taxonRankValue>
                    </taxonomicClassification>
                    <taxonomicClassification>
                          <taxonRankName>Family</taxonRankName>
                        <taxonRankValue>Furnariidae</taxonRankValue>
                    </taxonomicClassification>
                    <taxonomicClassification>
                          <taxonRankName>Family</taxonRankName>
                        <taxonRankValue>Galbulidae</taxonRankValue>
                    </taxonomicClassification>
                    <taxonomicClassification>
                          <taxonRankName>Family</taxonRankName>
                        <taxonRankValue>Hirundinidae</taxonRankValue>
                    </taxonomicClassification>
                    <taxonomicClassification>
                          <taxonRankName>Family</taxonRankName>
                        <taxonRankValue>Icteridae</taxonRankValue>
                    </taxonomicClassification>
                    <taxonomicClassification>
                          <taxonRankName>Family</taxonRankName>
                        <taxonRankValue>Mimidae</taxonRankValue>
                    </taxonomicClassification>
                    <taxonomicClassification>
                          <taxonRankName>Family</taxonRankName>
                        <taxonRankValue>Momotidae</taxonRankValue>
                    </taxonomicClassification>
                    <taxonomicClassification>
                          <taxonRankName>Family</taxonRankName>
                        <taxonRankValue>Odonthophoridae</taxonRankValue>
                    </taxonomicClassification>
                    <taxonomicClassification>
                          <taxonRankName>Family</taxonRankName>
                        <taxonRankValue>Pandionidae</taxonRankValue>
                    </taxonomicClassification>
                    <taxonomicClassification>
                          <taxonRankName>Family</taxonRankName>
                        <taxonRankValue>Parulidae</taxonRankValue>
                    </taxonomicClassification>
                    <taxonomicClassification>
                          <taxonRankName>Family</taxonRankName>
                        <taxonRankValue>Picidae</taxonRankValue>
                    </taxonomicClassification>
                    <taxonomicClassification>
                          <taxonRankName>Family</taxonRankName>
                        <taxonRankValue>Pipridae</taxonRankValue>
                    </taxonomicClassification>
                    <taxonomicClassification>
                          <taxonRankName>Family</taxonRankName>
                        <taxonRankValue>Psittacidae</taxonRankValue>
                    </taxonomicClassification>
                    <taxonomicClassification>
                          <taxonRankName>Family</taxonRankName>
                        <taxonRankValue>Rallidae</taxonRankValue>
                    </taxonomicClassification>
                    <taxonomicClassification>
                          <taxonRankName>Family</taxonRankName>
                        <taxonRankValue>Ramphastidae</taxonRankValue>
                    </taxonomicClassification>
                    <taxonomicClassification>
                          <taxonRankName>Family</taxonRankName>
                        <taxonRankValue>Scolopacidae</taxonRankValue>
                    </taxonomicClassification>
                    <taxonomicClassification>
                          <taxonRankName>Family</taxonRankName>
                        <taxonRankValue>Strigidae</taxonRankValue>
                    </taxonomicClassification>
                    <taxonomicClassification>
                          <taxonRankName>Family</taxonRankName>
                        <taxonRankValue>Tersinidae</taxonRankValue>
                    </taxonomicClassification>
                    <taxonomicClassification>
                          <taxonRankName>Family</taxonRankName>
                        <taxonRankValue>Thamnophilidae</taxonRankValue>
                    </taxonomicClassification>
                    <taxonomicClassification>
                          <taxonRankName>Family</taxonRankName>
                        <taxonRankValue>Thraupidae</taxonRankValue>
                    </taxonomicClassification>
                    <taxonomicClassification>
                          <taxonRankName>Family</taxonRankName>
                        <taxonRankValue>Tinamidae</taxonRankValue>
                    </taxonomicClassification>
                    <taxonomicClassification>
                          <taxonRankName>Family</taxonRankName>
                        <taxonRankValue>Trochilidae</taxonRankValue>
                    </taxonomicClassification>
                    <taxonomicClassification>
                          <taxonRankName>Family</taxonRankName>
                        <taxonRankValue>Troglodytidae</taxonRankValue>
                    </taxonomicClassification>
                    <taxonomicClassification>
                          <taxonRankName>Family</taxonRankName>
                        <taxonRankValue>Trogonidae</taxonRankValue>
                    </taxonomicClassification>
                    <taxonomicClassification>
                          <taxonRankName>Family</taxonRankName>
                        <taxonRankValue>Turdidae</taxonRankValue>
                    </taxonomicClassification>
                    <taxonomicClassification>
                          <taxonRankName>Family</taxonRankName>
                        <taxonRankValue>Tyrannidae</taxonRankValue>
                    </taxonomicClassification>
                    <taxonomicClassification>
                          <taxonRankName>Family</taxonRankName>
                        <taxonRankValue>Tytonidae</taxonRankValue>
                    </taxonomicClassification>
                    <taxonomicClassification>
                          <taxonRankName>Family</taxonRankName>
                        <taxonRankValue>Vireonidae</taxonRankValue>
                    </taxonomicClassification>
              </taxonomicCoverage>
              <taxonomicCoverage>
                    <generalTaxonomicCoverage>20 familias de Mamíferos: Aotidae, Canidae, Cebidae, Cricetidae, Cuniculidae, Dasypodidae, Dasyproctidae, Didelphidae, Echimydae, Emballonuridae, Felidae, Heteromydae, Megalonychidae, Molossidae, Mustelidae, Myrmecophagidae, Phyllostomidae, Procyonidae, Sciuridae, Vespertilionidae.

El 93% de los registros se encuentran identificados hasta especie.</generalTaxonomicCoverage>
                    <taxonomicClassification>
                          <taxonRankName>Family</taxonRankName>
                        <taxonRankValue>Aotidae</taxonRankValue>
                    </taxonomicClassification>
                    <taxonomicClassification>
                          <taxonRankName>Family</taxonRankName>
                        <taxonRankValue>Canidae</taxonRankValue>
                    </taxonomicClassification>
                    <taxonomicClassification>
                          <taxonRankName>Family</taxonRankName>
                        <taxonRankValue>Cebidae</taxonRankValue>
                    </taxonomicClassification>
                    <taxonomicClassification>
                          <taxonRankName>Family</taxonRankName>
                        <taxonRankValue>Cricetidae</taxonRankValue>
                    </taxonomicClassification>
                    <taxonomicClassification>
                          <taxonRankName>Family</taxonRankName>
                        <taxonRankValue>Cuniculidae</taxonRankValue>
                    </taxonomicClassification>
                    <taxonomicClassification>
                          <taxonRankName>Family</taxonRankName>
                        <taxonRankValue>Dasypodidae</taxonRankValue>
                    </taxonomicClassification>
                    <taxonomicClassification>
                          <taxonRankName>Family</taxonRankName>
                        <taxonRankValue>Dasyproctidae</taxonRankValue>
                    </taxonomicClassification>
                    <taxonomicClassification>
                          <taxonRankName>Family</taxonRankName>
                        <taxonRankValue>Didelphidae</taxonRankValue>
                    </taxonomicClassification>
                    <taxonomicClassification>
                          <taxonRankName>Family</taxonRankName>
                        <taxonRankValue>Echimydae</taxonRankValue>
                    </taxonomicClassification>
                    <taxonomicClassification>
                          <taxonRankName>Family</taxonRankName>
                        <taxonRankValue>Emballonuridae</taxonRankValue>
                    </taxonomicClassification>
                    <taxonomicClassification>
                          <taxonRankName>Family</taxonRankName>
                        <taxonRankValue>Felidae</taxonRankValue>
                    </taxonomicClassification>
                    <taxonomicClassification>
                          <taxonRankName>Family</taxonRankName>
                        <taxonRankValue>Heteromydae</taxonRankValue>
                    </taxonomicClassification>
                    <taxonomicClassification>
                          <taxonRankName>Family</taxonRankName>
                        <taxonRankValue>Megalonychidae</taxonRankValue>
                    </taxonomicClassification>
                    <taxonomicClassification>
                          <taxonRankName>Family</taxonRankName>
                        <taxonRankValue>Molossidae</taxonRankValue>
                    </taxonomicClassification>
                    <taxonomicClassification>
                          <taxonRankName>Family</taxonRankName>
                        <taxonRankValue>Mustelidae</taxonRankValue>
                    </taxonomicClassification>
                    <taxonomicClassification>
                          <taxonRankName>Family</taxonRankName>
                        <taxonRankValue>Myrmecophagidae</taxonRankValue>
                    </taxonomicClassification>
                    <taxonomicClassification>
                          <taxonRankName>Family</taxonRankName>
                        <taxonRankValue>Phyllostomidae</taxonRankValue>
                    </taxonomicClassification>
                    <taxonomicClassification>
                          <taxonRankName>Family</taxonRankName>
                        <taxonRankValue>Procyonidae</taxonRankValue>
                    </taxonomicClassification>
                    <taxonomicClassification>
                          <taxonRankName>Family</taxonRankName>
                        <taxonRankValue>Sciuridae</taxonRankValue>
                    </taxonomicClassification>
                    <taxonomicClassification>
                          <taxonRankName>Family</taxonRankName>
                        <taxonRankValue>Vespertilionidae</taxonRankValue>
                    </taxonomicClassification>
              </taxonomicCoverage>
              <taxonomicCoverage>
                    <generalTaxonomicCoverage>33 Géneros de Reptiles: Ameiva, Amphisbaena, Anolis, Atractus, Basiliscus, Boa, Bothrops, Clelia, Cnemidophorus, Dendrophidium, Echinosauria, Gonatodes, Hemidactylus, Imantodes, Kinosternon, Lepidoblepharis, Leposoma, Leptodeira, Leptophys, Mabuya, Micrurus, Ninia, Norops, Oxybelis, Oxyrhopus, Polychrus, Porthidum, Pseustes, Rhadinaea, Spilotes, Stenorrhina, Tantilla, Thecadactylus.

El 95% de los registros se encuentran identificados hasta especie.</generalTaxonomicCoverage>
                    <taxonomicClassification>
                          <taxonRankName>Genus</taxonRankName>
                        <taxonRankValue>Ameiva</taxonRankValue>
                    </taxonomicClassification>
                    <taxonomicClassification>
                          <taxonRankName>Genus</taxonRankName>
                        <taxonRankValue>Amphisbaena</taxonRankValue>
                    </taxonomicClassification>
                    <taxonomicClassification>
                          <taxonRankName>Genus</taxonRankName>
                        <taxonRankValue>Anolis</taxonRankValue>
                    </taxonomicClassification>
                    <taxonomicClassification>
                          <taxonRankName>Genus</taxonRankName>
                        <taxonRankValue>Atractus</taxonRankValue>
                    </taxonomicClassification>
                    <taxonomicClassification>
                          <taxonRankName>Genus</taxonRankName>
                        <taxonRankValue>Basiliscus</taxonRankValue>
                    </taxonomicClassification>
                    <taxonomicClassification>
                          <taxonRankName>Genus</taxonRankName>
                        <taxonRankValue>Boa</taxonRankValue>
                    </taxonomicClassification>
                    <taxonomicClassification>
                          <taxonRankName>Genus</taxonRankName>
                        <taxonRankValue>Bothrops</taxonRankValue>
                    </taxonomicClassification>
                    <taxonomicClassification>
                          <taxonRankName>Genus</taxonRankName>
                        <taxonRankValue>Clelia</taxonRankValue>
                    </taxonomicClassification>
                    <taxonomicClassification>
                          <taxonRankName>Genus</taxonRankName>
                        <taxonRankValue>Cnemidophorus</taxonRankValue>
                    </taxonomicClassification>
                    <taxonomicClassification>
                          <taxonRankName>Genus</taxonRankName>
                        <taxonRankValue>Dendrophidium</taxonRankValue>
                    </taxonomicClassification>
                    <taxonomicClassification>
                          <taxonRankName>Genus</taxonRankName>
                        <taxonRankValue>Echinosauria</taxonRankValue>
                    </taxonomicClassification>
                    <taxonomicClassification>
                          <taxonRankName>Genus</taxonRankName>
                        <taxonRankValue>Gonatodes</taxonRankValue>
                    </taxonomicClassification>
                    <taxonomicClassification>
                          <taxonRankName>Genus</taxonRankName>
                        <taxonRankValue>Hemidactylus</taxonRankValue>
                    </taxonomicClassification>
                    <taxonomicClassification>
                          <taxonRankName>Genus</taxonRankName>
                        <taxonRankValue>Imantodes</taxonRankValue>
                    </taxonomicClassification>
                    <taxonomicClassification>
                          <taxonRankName>Genus</taxonRankName>
                        <taxonRankValue>Kinosternon</taxonRankValue>
                    </taxonomicClassification>
                    <taxonomicClassification>
                          <taxonRankName>Genus</taxonRankName>
                        <taxonRankValue>Lepidoblepharis</taxonRankValue>
                    </taxonomicClassification>
                    <taxonomicClassification>
                          <taxonRankName>Genus</taxonRankName>
                        <taxonRankValue>Leposoma</taxonRankValue>
                    </taxonomicClassification>
                    <taxonomicClassification>
                          <taxonRankName>Genus</taxonRankName>
                        <taxonRankValue>Leptodeira</taxonRankValue>
                    </taxonomicClassification>
                    <taxonomicClassification>
                          <taxonRankName>Genus</taxonRankName>
                        <taxonRankValue>Leptophys</taxonRankValue>
                    </taxonomicClassification>
                    <taxonomicClassification>
                          <taxonRankName>Genus</taxonRankName>
                        <taxonRankValue>Mabuya</taxonRankValue>
                    </taxonomicClassification>
                    <taxonomicClassification>
                          <taxonRankName>Genus</taxonRankName>
                        <taxonRankValue>Micrurus</taxonRankValue>
                    </taxonomicClassification>
                    <taxonomicClassification>
                          <taxonRankName>Genus</taxonRankName>
                        <taxonRankValue>Ninia</taxonRankValue>
                    </taxonomicClassification>
                    <taxonomicClassification>
                          <taxonRankName>Genus</taxonRankName>
                        <taxonRankValue>Norops</taxonRankValue>
                    </taxonomicClassification>
                    <taxonomicClassification>
                          <taxonRankName>Genus</taxonRankName>
                        <taxonRankValue>Oxybelis</taxonRankValue>
                    </taxonomicClassification>
                    <taxonomicClassification>
                          <taxonRankName>Genus</taxonRankName>
                        <taxonRankValue>Oxyrhopus</taxonRankValue>
                    </taxonomicClassification>
                    <taxonomicClassification>
                          <taxonRankName>Genus</taxonRankName>
                        <taxonRankValue>Polychrus</taxonRankValue>
                    </taxonomicClassification>
                    <taxonomicClassification>
                          <taxonRankName>Genus</taxonRankName>
                        <taxonRankValue>Porthidum</taxonRankValue>
                    </taxonomicClassification>
                    <taxonomicClassification>
                          <taxonRankName>Genus</taxonRankName>
                        <taxonRankValue>Pseustes</taxonRankValue>
                    </taxonomicClassification>
                    <taxonomicClassification>
                          <taxonRankName>Genus</taxonRankName>
                        <taxonRankValue>Rhadinaea</taxonRankValue>
                    </taxonomicClassification>
                    <taxonomicClassification>
                          <taxonRankName>Genus</taxonRankName>
                        <taxonRankValue>Spilotes</taxonRankValue>
                    </taxonomicClassification>
                    <taxonomicClassification>
                          <taxonRankName>Genus</taxonRankName>
                        <taxonRankValue>Stenorrhina</taxonRankValue>
                    </taxonomicClassification>
                    <taxonomicClassification>
                          <taxonRankName>Genus</taxonRankName>
                        <taxonRankValue>Tantilla</taxonRankValue>
                    </taxonomicClassification>
                    <taxonomicClassification>
                          <taxonRankName>Genus</taxonRankName>
                        <taxonRankValue>Thecadactylus</taxonRankValue>
                    </taxonomicClassification>
              </taxonomicCoverage>
      </coverage>
      <purpose>
          <para>valorar el estado de conservación y enriquecer el conocimiento de  la avifauna de en la cuenca alta del río Córdoba  y la quebrada El Congo afluente del río Frío y cimentar las bases para la creación del corredor de conservación Frío Córdoba Guachaca.</para>
      </purpose>
      <maintenance>
          <description>
              <para></para>
          </description>
          <maintenanceUpdateFrequency>unkown</maintenanceUpdateFrequency>
      </maintenance>
      <contact>
    <individualName>
<givenName>Clara María</givenName>          <surName>Peréz Gallego</surName>
    </individualName>
<organizationName>ISAGEN S.A.</organizationName><positionName>Analista de Gestión Ambiental</positionName>    <address>
<deliveryPoint>Cra 43 A No. 11 A - 80</deliveryPoint><city>Medellín</city><administrativeArea>Antioquia</administrativeArea><country>COLOMBIA</country>    </address>
<phone>+57 44440057</phone><electronicMailAddress>cperez@isagen.com</electronicMailAddress><onlineUrl>http://www.isagen.com.co/</onlineUrl>      </contact>
      <methods>
            <methodStep>
                <description>
                    <para>Redes de niebla, transectos, trampas de cajón, censos visuales. Véase descripción del muestreo.</para>
                </description>
            </methodStep>
            <sampling>
                <studyExtent>
                    <description>
                        <para>CENTRAL JAGUAS
La central Jaguas está localizadaentre los municipios de San Rafael, San Roque, Santo Domingo y Alejandría, con un área de 5.001,53 Ha distribuidas así: San Rafael 1.534,83 Ha, San Roque 566,83 Ha, Santo Domingo 373,97 Ha y Alejandría con 2.525,89 Ha. 

De acuerdo con el sistema de clasificación de Holdridge (1964), esta zona se localiza dentro de las zonas de vida o formaciones vegetales correspondientes a bosque muy húmedo premontano (bmh-PM). En general esta formación tiene como límites climáticos una biotemperatura media aproximada entre 18 y 24°C y un promedio anual de lluvia de 2.000 a 4.000 mm. El período de menos lluvias comprende los meses de diciembre, enero y febrero y los más lluviosos mayo y octubre.

CENTRAL SAN CARLOS
Localizada cerca del Municipio de San Carlos con un área de 2.977,67 Ha en éste y con 4.8 Ha en el Municipio de Puerto Nare.  La zona de vida del área de estudio corresponde a bosque húmedo Tropical (bh-T), transición cálida al bosque muy húmedo premontano (bmh-PM), IGAC, 1977. Los límites climáticos que caracterizan al bh-T son una biotemperatura superior a 24 ºC, el promedio anual de lluvias varía entre 2.000 y 4.000 mm, ocupa una faja que va desde el nivel del mar hasta los 900 m aproximadamente. Los límites climáticos del bmh-PM son una biotemperatura media aproximada entre 18 y 24 ºC, un promedio anual de lluvias entre 2.000 y 4.000 mm y pertenece a la provincia de humedad perhúmedo; se localiza entre 900 y 2.000 m de altitud aproximadamente, con variaciones de acuerdo a las condiciones locales

Las coberturas donde se desarrolló el monitoreo se caracterizan por ser matrices mixtas de bosque secundario (con especies de bosque maduro) y rastrojo alto con elementos sucesionales más avanzados que los bosques del área de influencia del embalse San Lorenzo. Esta composición se debe a la fragmentación del bosque como consecuencia de la tumba y quema para establecer potreros y/o cultivos, y a la extracción de especies maderables que se ha continuado haciendo en los últimos años. Debido a esto es difícil encontrar parches de coberturas boscosas con al menos 500 m continuos de bosque.</para>
                    </description>
                </studyExtent>
                <samplingDescription>
                    <para>HERPETOFAUNA
Los datos se tomaron mediante registro visual a lo largo de transectos (Sutherland, 1996) de 50.0 m de largo por 2.0 m de ancho. Los transectos se ubicaron al azar, de tal forma que abarcaran áreas representativas del hábitat estudiado. Los recorridos fueron realizados por dos personas separadas entre sí a una distancia de 2.0 m durante la mañana, entre las 9:00 y 12:00 horas, y en las horas de la tarde entre 14:00 y las 17:00 horas, empleando más o menos una hora por transecto (dependiendo de las características bióticas de éstos), fotografía 1. El orden (día) del recorrido de los transectos también se sometió al azar, de esta manera se buscó disminuir los sesgos que suelen producirse por las variaciones climáticas de un día a otro. Además, se realizaron reconocimientos nocturnos para encontrar aquellas especies de hábitos nocturnos o crepusculares, imposibles de ver durante el día, para ello la metodología empleada fueron los registros visuales, al ser un poco más difícil la realización de transectos.


MASTOFAUNA
Captura de pequeños mamíferos no voladores 
Para la captura de pequeños mamíferos no voladores se utilizaron dos tipos de trampas, las trampas Sherman® (pequeñas, medianas y grandes), las cuales se instalaron en  transectos no  lineales de 300 m aproximadamente, intercalando un tipo de trampa con otro. No en todas los trabajos de campo se utilizaron los dos tipos de trampas o los diferentes tamaños de Sherman®.

En cada sitio de muestreo se instalaron 12 trampas Sherman® (3 x 3.5 x 9&quot;) y 12 trampas Tomahawk todas a nivel del piso, éstas fueron revisadas diariamente a las 7:00 y recebadas a las 16:00 para minimizar la pérdida de cebos por hormigas y otros insectos. Para las Sherman®, se utilizaron dos tipos de cebos: a) mezcla de maní, avena, esencia de vainilla, ajonjolí y panela y b) banano, tratando de repartirlos tanto en las grandes como en las medianas. Para las Tomahawk se utilizó sardina enlatada.

Los animales capturados se midieron y se identificaron en el campo por medio de claves taxonómicas, hasta el grado que éstas lo permitieron (género, especie), luego se liberaron previo marcaje con un corte del pelo para reconocer las recapturas y evitar el recuento de individuos.

Captura de mamíferos voladores (Quirópteros)
Para la captura de murciélagos se utilizaron dos redes de niebla tipo mist-nets, una de 12 m de largo y otra de 6 m, con 38 mm de ojo de malla, 50/2 de calibre, y 2.6 metros de ancho. Las redes se ubicaron teniendo en cuenta el borde del bosque, claros del bosque, corredores naturales, orillas de quebradas y plantas asociadas a los murciélagos. Éstas se abrieron de las 15:30 a las 21:00 horas, durante los periodos de mayor actividad para este grupo de mamíferos y fueron monitoreadas periódicamente según la actividad, no pasando de una hora entre revisión.

Los murciélagos capturados se bajaron de la red y se depositaron en bolsas de tela Posteriormente se registraron los datos de localidad, fecha, hora de captura, sexo, medidas morfométricas según Emmons y Feer  (1999) y todas las características externas necesarias para su correcta identificación.

Muestreo de mamíferos grandes
Colección de rastros y censos visuales: dado lo difícil en la captura de mamíferos grandes, para su registro se utilizó la colección de rastros como huellas, excrementos, dormideros o comederos y osamentas. Las huellas  se fotografiaron para su posterior identificación. Para el conteo de los individuos sólo se contemplaron los rastros que aseguraran no pertenecían a un mismo individuo, para esto se tuvo en cuenta la distancia entre los rastros de una misma especie, además del tamaño de la huella. Las huellas con mejor definición fueron levantadas en parafina con el fin de preservarlas para colección y hacer posible otros estudios.

Durante el día se realizaron recorridos por los lugares de muestreo con el fin de realizar observación directa de algunos mamíferos diurnos como primates, en adición, en las noches, alterno al muestreo de murciélagos también se realizaron censos visuales, ya que la mayoría de mamíferos son nocturnos. 

Métodos indirectos: en La Central Hidroeléctrica San Carlos se pudo recolectar dentro de las torres de captación las egagrópilas de la lechuza Tyto alba, las cuales son regurgitaciones de ésta, donde se encuentran gran cantidad de cráneos y huesos de mamíferos pequeños y voladores que permiten registrar especies de difícil captura o avistamiento. Una vez secas las egagrópilas, éstas se desbaratan en el laboratorio y los restos óseos que en ellas se encuentran se separan por morfología similar para su identificación.

AVES
La evaluación de la avifauna en las Centrales Hidroeléctricas Jaguas y San Carlos se realizó a través de caminatas de observación por transectos, en los cuales se efectuaron registros visuales y auditivos en los hábitats con fragmentos o parches de vegetación y en varios tipos de coberturas diferentes (bosques, rastrojos y áreas intervenidas) y con capturas de las diferentes especies de aves con la ayuda de redes de niebla.

Muestreo por transectos: la observación de aves es uno de los métodos más aplicados para conocer la composición de las comunidades presentes en una determinada localidad. Este método es efectivo pues permite obtener listas de especies completas y representativas, y a su vez es altamente eficiente ya que maximiza la información obtenida por unidad de tiempo y esfuerzo.

Para el registro de las especies se realizaron líneas rectas de 100 m de longitud que atraviesan los diferentes tipos de coberturas seleccionados. Se establecieron dos transectos diarios en un hábitat, para un total de una repetición. Los recorridos se hacen en silencio y  en  las horas de mayor actividad de las aves.  El  observador  va  caminando  lentamente  hasta  un  punto  y  se  detiene, luego de tres minutos se anotan en una libreta todas las aves que se logran observar y escuchar durante cinco minutos. Se registran el nombre de la especie y el número de individuos reconocidos.

Las observaciones de las especies se realizaron con la ayuda de binoculares con un poder de 8 x 42 mm. Cada transecto fue visitado ocho veces durante cada muestreo a la misma hora y con igual duración. Las observaciones se realizaron temprano en la mañana (entre las 6:00 a.m. y las 12:00 p.m.) y en la tarde (entre las 2:00 y las 6:00 p.m.) siempre y cuando las condiciones climáticas lo permitían.  Se identificaron si las especies registradas son endémicas, migratorias o residentes y se hicieron observaciones sobre algunos comportamientos específicos, hábitos alimenticios y todos los indicios de nidificación de las especies en la zona.

Muestreo con redes de niebla: para capturar las aves y estudiarlas en detalle, se utilizaron redes de niebla, las cuales son elaboradas con fibras muy delgadas y resistentes (nylon, poliéster o algodón).   Por la finura de los hilos y su color (negras, grises, entre otros) estas redes pasan casi desapercibidas en el hábitat, por lo que logran atrapar con mucho éxito las aves que quedan enredadas al vuelo.

Las redes de niebla han sido utilizadas para la recolección de datos en las aves y se han convertido en una herramienta efectiva para el inventario de las poblaciones estudiadas. Se emplearon tres redes durante toda la fase del inventario, dos de tipo ATX 12 y una ATX 6. Las medidas de las redes son de 12 m de largo por 2.6 m de ancho y de 6 m de largo por 2.6 m de ancho, con malla extendida de 30 a 36 mm. En total el área de cubrimiento fue de 30 m de largo por 2.6 m de ancho (78 m2).

Las redes se ubicaron siempre en los mismos sitios y durante mínimo   tres   días  consecutivos    para   cada  sitio.   Para  el inventario se emplearon tres redes desplegadas simultáneamente durante mínimo ocho horas diarias cuando las condiciones climáticas lo permitían. Las redes se abrían entre las 6:00 y 6:30 horas hasta las 18:00 horas. El tiempo promedio entre la apertura de la primera y la última red se emplea como el tiempo de apertura. 

Las redes fueron revisadas constantemente, con una periodicidad entre 15 y 30 minutos y sin dejarlas abandonadas. Las aves que se capturaron fueron depositadas en bolsas de tela, para transportarlas posteriormente al lugar donde pudieron ser manipuladas con facilidad.

Luego se tomaron una serie de medidas a cada uno de los individuos capturados, después de lo cual fueron liberados. Las especies fueron determinadas taxonómicamente y se les registraron las siguientes mediciones: peso, longitudes de culmen, pico, ala, ala extendida, cola, tarso y el estado reproductivo. Adicionalmente, se obtuvo el registro fotográfico de los primeros ejemplares de cada especie y sexo.</para>
                </samplingDescription>
            </sampling>
      </methods>

</dataset>

<additionalMetadata>
    <metadata>
      <gbif>
        <dateStamp>2020-04-07T21:57:27Z</dateStamp>
      <citation identifier="http://doi.org/10.15472/kgovhx">Peréz Gallego C M (2018). Registros biológicos de especies de fauna vertebrada terrestre en las centrales de San Carlos y Jaguas - 2007. Version 5.3. Isagen S.A.S.. Occurrence dataset https://doi.org/10.15472/kgovhx accessed via GBIF.org on 2020-04-07.</citation>
              <bibliography>
      <citation>Álvarez-Arango LF, Hinestroza-Blandón LM, Zapata-Escobar C, Peña AF, Barrientos LS, Arias L, Pérez C. 2008. Inventarios de fauna vertebrada terrestre centrales de San Carlos y Jaguas - planes de manejo ambiental 2007, ISAGEN Contrato No 46/2421. Informe final.</citation>
              </bibliography>
              <resourceLogoUrl>https://s3.amazonaws.com/sib-resources/images/logos-socios/portal-sib/Logo-isagen.png</resourceLogoUrl>
        </gbif>
    </metadata>
</additionalMetadata>

</eml:eml>
