<?xml version="1.0" encoding="utf-8"?>
<eml:eml xmlns:eml="eml://ecoinformatics.org/eml-2.1.1" xmlns:xsi="http://www.w3.org/2001/XMLSchema-instance"
         xsi:schemaLocation="eml://ecoinformatics.org/eml-2.1.1 http://rs.gbif.org/schema/eml-gbif-profile/1.1/eml.xsd"
        packageId="f04bedf8-9c2b-4816-a1fe-c68a1d607e06"  system="http://gbif.org" scope="system"
  xml:lang="es">

<dataset>
      <alternateIdentifier>10.15472/p3246n</alternateIdentifier>
        <alternateIdentifier>http://ipt.biodiversidad.co/sib/resource?r=isagen-2008-46-2096</alternateIdentifier>
        <alternateIdentifier>10.15468/8pmnq1</alternateIdentifier>
        <alternateIdentifier>http://data.biodiversidad.co/sib/resource?r=isagen-2008-46-2096</alternateIdentifier>
        <alternateIdentifier>http://ipt.sibcolombia.net/sib/resource.do?r=isagen-2008-46-2096</alternateIdentifier>
        <alternateIdentifier>f04bedf8-9c2b-4816-a1fe-c68a1d607e06</alternateIdentifier>
        <alternateIdentifier>14583</alternateIdentifier>
    <title>Registros biológicos de especies de fauna vertebrada terrestre en las centrales de San Carlos y Jaguas - 2006</title>
    <creator>
    <individualName>
<givenName>Clara María</givenName>          <surName>Peréz Gallego</surName>
    </individualName>
<organizationName>ISAGEN S.A.</organizationName><positionName>Analista de Gestión Ambiental</positionName>    <address>
<deliveryPoint>Cra 43 A No. 11 A - 80</deliveryPoint><city>Medellín</city><administrativeArea>Antioquia</administrativeArea><country>COLOMBIA</country>    </address>
<phone>+57 44440057</phone><electronicMailAddress>cperez@isagen.com</electronicMailAddress><onlineUrl>http://www.isagen.com.co/</onlineUrl>    </creator>
    <metadataProvider>
    <individualName>
<givenName>Clara María</givenName>          <surName>Peréz Gallego</surName>
    </individualName>
<organizationName>ISAGEN S.A.</organizationName><positionName>Analista de Gestión Ambiental</positionName>    <address>
<deliveryPoint>Cra 43 A No. 11 A - 80</deliveryPoint><city>Medellín</city><administrativeArea>Antioquia</administrativeArea><country>COLOMBIA</country>    </address>
<phone>+57 44440057</phone><electronicMailAddress>cperez@isagen.com</electronicMailAddress><onlineUrl>http://www.isagen.com.co/</onlineUrl>    </metadataProvider>
    <associatedParty>
    <individualName>
<givenName>Clara María</givenName>          <surName>Peréz Gallego</surName>
    </individualName>
<organizationName>ISAGEN S.A.</organizationName><positionName>Analista de Gestión Ambiental</positionName>    <address>
<deliveryPoint>Cra 43 A No. 11 A - 80</deliveryPoint><city>Medellín</city><administrativeArea>Antioquia</administrativeArea><country>COLOMBIA</country>    </address>
<phone>+57 44440057</phone><electronicMailAddress>cperez@isagen.com</electronicMailAddress><onlineUrl>http://www.isagen.com.co/</onlineUrl>    <role>PUBLISHER</role>
    </associatedParty>
    <associatedParty>
    <individualName>
<givenName>María Patricia</givenName>          <surName>Velásquez</surName>
    </individualName>
<organizationName>ISAGEN S.A.</organizationName><positionName>Coordinadora general contrato 46/2096</positionName>    <address>
<city>Medellín</city><administrativeArea>Antioquia</administrativeArea><country>COLOMBIA</country>    </address>
    <role>CONTENT_PROVIDER</role>
    </associatedParty>
    <associatedParty>
    <individualName>
<givenName>Eliana</givenName>          <surName>Muñoz Escobar</surName>
    </individualName>
<organizationName>ISAGEN S.A.</organizationName><positionName>Coordinadora de campo contrato 46/2096</positionName>    <address>
<city>Medellín</city><administrativeArea>Antioquia</administrativeArea><country>COLOMBIA</country>    </address>
    <role>CONTENT_PROVIDER</role>
    </associatedParty>
    <associatedParty>
    <individualName>
<givenName>Sandra Milena</givenName>          <surName>Gallo</surName>
    </individualName>
<organizationName>ISAGEN S.A.</organizationName><positionName>Herpetóloga contrato 46/2096</positionName>    <address>
<city>Medellín</city><administrativeArea>Antioquia</administrativeArea><country>COLOMBIA</country>    </address>
    <role>CONTENT_PROVIDER</role>
    </associatedParty>
    <associatedParty>
    <individualName>
<givenName>Andres Felipe</givenName>          <surName>Peña</surName>
    </individualName>
<organizationName>ISAGEN S.A.</organizationName><positionName>Ornitólogo  contrato 46/2096</positionName>    <address>
<city>Medellín</city><administrativeArea>Antioquia</administrativeArea><country>COLOMBIA</country>    </address>
    <role>CONTENT_PROVIDER</role>
    </associatedParty>
    <associatedParty>
    <individualName>
<givenName>José Fernando</givenName>          <surName>Navarro</surName>
    </individualName>
<organizationName>ISAGEN S.A.</organizationName><positionName>Mastozoólogo contrato 46/2096</positionName>    <address>
<city>Medellín</city><administrativeArea>Antioquia</administrativeArea><country>COLOMBIA</country>    </address>
    <role>CONTENT_PROVIDER</role>
    </associatedParty>
    <associatedParty>
    <individualName>
<givenName>Carolina</givenName>          <surName>Zapata Escobar</surName>
    </individualName>
<organizationName>ISAGEN S.A.</organizationName><positionName>Mastozoóloga contrato 46/2096</positionName>    <address>
<city>Medellín</city><administrativeArea>Antioquia</administrativeArea><country>COLOMBIA</country>    </address>
    <role>CONTENT_PROVIDER</role>
    </associatedParty>
    <associatedParty>
    <individualName>
<givenName>Lucas</givenName>          <surName>Arias</surName>
    </individualName>
<organizationName>ISAGEN S.A.</organizationName><positionName>Mastozoólogo contrato 46/2096</positionName>    <address>
<city>Medellín</city><administrativeArea>Antioquia</administrativeArea><country>COLOMBIA</country>    </address>
    <role>CONTENT_PROVIDER</role>
    </associatedParty>
    <associatedParty>
    <individualName>
<givenName>Diego</givenName>          <surName>Morales</surName>
    </individualName>
<organizationName>ISAGEN S.A.</organizationName><positionName>Comunicador</positionName>    <address>
<city>Medellín</city><administrativeArea>Antioquia</administrativeArea><country>COLOMBIA</country>    </address>
    <role>PROCESSOR</role>
    </associatedParty>
      <pubDate>
      2018-01-17
      </pubDate>
    <language>SPANISH</language>
    <abstract>
        <para>El objetivo de este estudio fue actualizar los inventarios de la diversidad de especies de fauna vertebrada terrestre para las zonas de influencia directa de los embalses Punchiná, en la Central Hidroeléctrica de San Carlos y San Lorenzo de la Central Hidroeléctrica de Jaguas, ubicadas en el Oriente Antioqueño, para cumplir con la solicitud hecha por El Ministerio de Ambiente Vivienda y Desarrollo Territorial mediante el Auto 737 del 11 de abril del 2006.  Así mismo, con este estudio se pretendió determinar la estructura de la comunidad de anfibios, reptiles, aves y mamíferos en las zonas de influencia de estos embalses.</para>
    </abstract>
        <keywordSet>
              <keyword>Reptiles</keyword>
              <keyword>Anfibios</keyword>
              <keyword>Central hidroeléctrica.</keyword>
              <keyword>Mamíferos</keyword>
              <keyword>ISAGEN</keyword>
              <keyword>Antioquia</keyword>
              <keyword>Aves</keyword>
              <keywordThesaurus>n/a</keywordThesaurus>
        </keywordSet>
        <keywordSet>
              <keyword>Occurrence</keyword>
              <keywordThesaurus>GBIF Dataset Type Vocabulary: http://rs.gbif.org/vocabulary/gbif/dataset_type.xml</keywordThesaurus>
        </keywordSet>
        <keywordSet>
              <keyword>Observation</keyword>
              <keywordThesaurus>GBIF Dataset Subtype Vocabulary: http://rs.gbif.org/vocabulary/gbif/dataset_subtype.xml</keywordThesaurus>
        </keywordSet>
      <additionalInfo>
          <para>Isagen S. A. como propietaria y financioadora de la investigación.</para>
      </additionalInfo>
      <intellectualRights>
        <para>To the extent possible under law, the publisher has waived all rights to these data and has dedicated them to the <ulink url="http://creativecommons.org/publicdomain/zero/1.0/legalcode"><citetitle>Public Domain (CC0 1.0)</citetitle></ulink>. Users may copy, modify, distribute and use the work, including for commercial purposes, without restriction.</para>
      </intellectualRights>
      <distribution scope="document">
          <online>
              <url function="information">http://ipt.sibcolombia.net/sib/resource.do?r=isagen-2008-46-2096</url>
          </online>
      </distribution>
      <coverage>
            <geographicCoverage>
                  <geographicDescription>Departamento de Antioquia, municipios San Carlos y San Rafael.</geographicDescription>
                  <boundingCoordinates>
                      <westBoundingCoordinate>-75.121</westBoundingCoordinate>
                      <eastBoundingCoordinate>-74.012</eastBoundingCoordinate>
                      <northBoundingCoordinate>6.41</northBoundingCoordinate>
                      <southBoundingCoordinate>6.352</southBoundingCoordinate>
                  </boundingCoordinates>
            </geographicCoverage>
          <temporalCoverage>
            <rangeOfDates>
              <beginDate>
                <calendarDate>      2006-06-08
</calendarDate>
              </beginDate>
              <endDate>
                <calendarDate>      2006-12-20
</calendarDate>
              </endDate>
            </rangeOfDates>
          </temporalCoverage>
              <taxonomicCoverage>
                    <generalTaxonomicCoverage>12 familias de Anfibios: Bufonidae, Bufonidae,  Centrolenidae, Craugastoridae, Dendrobatidae, Hylidae, Leiuperidae, Leptodactylidae, Microhylidae, Rhinatrematidae, Strabomantidae, Plethodontidae.

El 87% de los registros están identificados hasta especie.</generalTaxonomicCoverage>
                    <taxonomicClassification>
                          <taxonRankName>Family</taxonRankName>
                        <taxonRankValue>Bufonidae</taxonRankValue>
                    </taxonomicClassification>
                    <taxonomicClassification>
                          <taxonRankName>Family</taxonRankName>
                        <taxonRankValue>Bufonidae</taxonRankValue>
                    </taxonomicClassification>
                    <taxonomicClassification>
                          <taxonRankName>Family</taxonRankName>
                        <taxonRankValue>Centrolenidae</taxonRankValue>
                    </taxonomicClassification>
                    <taxonomicClassification>
                          <taxonRankName>Family</taxonRankName>
                        <taxonRankValue>Craugastoridae</taxonRankValue>
                    </taxonomicClassification>
                    <taxonomicClassification>
                          <taxonRankName>Family</taxonRankName>
                        <taxonRankValue>Dendrobatidae</taxonRankValue>
                    </taxonomicClassification>
                    <taxonomicClassification>
                          <taxonRankName>Family</taxonRankName>
                        <taxonRankValue>Hylidae</taxonRankValue>
                    </taxonomicClassification>
                    <taxonomicClassification>
                          <taxonRankName>Family</taxonRankName>
                        <taxonRankValue>Leiuperidae</taxonRankValue>
                    </taxonomicClassification>
                    <taxonomicClassification>
                          <taxonRankName>Family</taxonRankName>
                        <taxonRankValue>Leptodactylidae</taxonRankValue>
                    </taxonomicClassification>
                    <taxonomicClassification>
                          <taxonRankName>Family</taxonRankName>
                        <taxonRankValue>Microhylidae</taxonRankValue>
                    </taxonomicClassification>
                    <taxonomicClassification>
                          <taxonRankName>Family</taxonRankName>
                        <taxonRankValue>Rhinatrematidae</taxonRankValue>
                    </taxonomicClassification>
                    <taxonomicClassification>
                          <taxonRankName>Family</taxonRankName>
                        <taxonRankValue>Strabomantidae</taxonRankValue>
                    </taxonomicClassification>
                    <taxonomicClassification>
                          <taxonRankName>Family</taxonRankName>
                        <taxonRankValue>Plethodontidae</taxonRankValue>
                    </taxonomicClassification>
              </taxonomicCoverage>
              <taxonomicCoverage>
                    <generalTaxonomicCoverage>46 familias de Aves: Accipitridae, Alcedinidae, Apodidae, Ardeidae, Bucconidae, Caprimulgidae, Cardinalidae, Cathartidae, Charadriidae, Coerebidae, Columbidae, Corvidae, Cotingidae, Cracidae, Cuculidae, Emberizidae, Falconidae, Formicariidae, Furnariidae, Furnariidae,  Galbulidae, Hirundinidae, Icteridae, Mimidae, Momotidae, Odontophoridae, Pandionidae, Parulidae, Phalacrocoracidae, Picidae, Pipridae, Psittacidae, Rallidae, Ramphastidae, Ramphastidae,  Scolopacidae, Steatornithidae, Thamnophilidae, Thraupidae, Tinamidae, Trochilidae, Troglodytidae, Trogonidae, Turdidae, Tyrannidae, Vireonidae.

El 100% de los registros están identificados hasta especie.</generalTaxonomicCoverage>
                    <taxonomicClassification>
                          <taxonRankName>Family</taxonRankName>
                        <taxonRankValue>Accipitridae</taxonRankValue>
                    </taxonomicClassification>
                    <taxonomicClassification>
                          <taxonRankName>Family</taxonRankName>
                        <taxonRankValue>Alcedinidae</taxonRankValue>
                    </taxonomicClassification>
                    <taxonomicClassification>
                          <taxonRankName>Family</taxonRankName>
                        <taxonRankValue>Apodidae</taxonRankValue>
                    </taxonomicClassification>
                    <taxonomicClassification>
                          <taxonRankName>Family</taxonRankName>
                        <taxonRankValue>Ardeidae</taxonRankValue>
                    </taxonomicClassification>
                    <taxonomicClassification>
                          <taxonRankName>Family</taxonRankName>
                        <taxonRankValue>Bucconidae</taxonRankValue>
                    </taxonomicClassification>
                    <taxonomicClassification>
                          <taxonRankName>Family</taxonRankName>
                        <taxonRankValue>Caprimulgidae</taxonRankValue>
                    </taxonomicClassification>
                    <taxonomicClassification>
                          <taxonRankName>Family</taxonRankName>
                        <taxonRankValue>Cardinalidae</taxonRankValue>
                    </taxonomicClassification>
                    <taxonomicClassification>
                          <taxonRankName>Family</taxonRankName>
                        <taxonRankValue>Cathartidae</taxonRankValue>
                    </taxonomicClassification>
                    <taxonomicClassification>
                          <taxonRankName>Family</taxonRankName>
                        <taxonRankValue>Charadriidae</taxonRankValue>
                    </taxonomicClassification>
                    <taxonomicClassification>
                          <taxonRankName>Family</taxonRankName>
                        <taxonRankValue>Coerebidae</taxonRankValue>
                    </taxonomicClassification>
                    <taxonomicClassification>
                          <taxonRankName>Family</taxonRankName>
                        <taxonRankValue>Columbidae</taxonRankValue>
                    </taxonomicClassification>
                    <taxonomicClassification>
                          <taxonRankName>Family</taxonRankName>
                        <taxonRankValue>Corvidae</taxonRankValue>
                    </taxonomicClassification>
                    <taxonomicClassification>
                          <taxonRankName>Family</taxonRankName>
                        <taxonRankValue>Cotingidae</taxonRankValue>
                    </taxonomicClassification>
                    <taxonomicClassification>
                          <taxonRankName>Family</taxonRankName>
                        <taxonRankValue>Cracidae</taxonRankValue>
                    </taxonomicClassification>
                    <taxonomicClassification>
                          <taxonRankName>Family</taxonRankName>
                        <taxonRankValue>Cuculidae</taxonRankValue>
                    </taxonomicClassification>
                    <taxonomicClassification>
                          <taxonRankName>Family</taxonRankName>
                        <taxonRankValue>Emberizidae</taxonRankValue>
                    </taxonomicClassification>
                    <taxonomicClassification>
                          <taxonRankName>Family</taxonRankName>
                        <taxonRankValue>Falconidae</taxonRankValue>
                    </taxonomicClassification>
                    <taxonomicClassification>
                          <taxonRankName>Family</taxonRankName>
                        <taxonRankValue>Formicariidae</taxonRankValue>
                    </taxonomicClassification>
                    <taxonomicClassification>
                          <taxonRankName>Family</taxonRankName>
                        <taxonRankValue>Furnariidae</taxonRankValue>
                    </taxonomicClassification>
                    <taxonomicClassification>
                          <taxonRankName>Family</taxonRankName>
                        <taxonRankValue>Furnariidae</taxonRankValue>
                    </taxonomicClassification>
                    <taxonomicClassification>
                          <taxonRankName>Family</taxonRankName>
                        <taxonRankValue>Galbulidae</taxonRankValue>
                    </taxonomicClassification>
                    <taxonomicClassification>
                          <taxonRankName>Family</taxonRankName>
                        <taxonRankValue>Hirundinidae</taxonRankValue>
                    </taxonomicClassification>
                    <taxonomicClassification>
                          <taxonRankName>Family</taxonRankName>
                        <taxonRankValue>Icteridae</taxonRankValue>
                    </taxonomicClassification>
                    <taxonomicClassification>
                          <taxonRankName>Family</taxonRankName>
                        <taxonRankValue>Mimidae</taxonRankValue>
                    </taxonomicClassification>
                    <taxonomicClassification>
                          <taxonRankName>Family</taxonRankName>
                        <taxonRankValue>Momotidae</taxonRankValue>
                    </taxonomicClassification>
                    <taxonomicClassification>
                          <taxonRankName>Family</taxonRankName>
                        <taxonRankValue>Odontophoridae</taxonRankValue>
                    </taxonomicClassification>
                    <taxonomicClassification>
                          <taxonRankName>Family</taxonRankName>
                        <taxonRankValue>Pandionidae</taxonRankValue>
                    </taxonomicClassification>
                    <taxonomicClassification>
                          <taxonRankName>Family</taxonRankName>
                        <taxonRankValue>Parulidae</taxonRankValue>
                    </taxonomicClassification>
                    <taxonomicClassification>
                          <taxonRankName>Family</taxonRankName>
                        <taxonRankValue>fa</taxonRankValue>
                    </taxonomicClassification>
                    <taxonomicClassification>
                          <taxonRankName>Family</taxonRankName>
                        <taxonRankValue>Picidae</taxonRankValue>
                    </taxonomicClassification>
                    <taxonomicClassification>
                          <taxonRankName>Family</taxonRankName>
                        <taxonRankValue>Pipridae</taxonRankValue>
                    </taxonomicClassification>
                    <taxonomicClassification>
                          <taxonRankName>Family</taxonRankName>
                        <taxonRankValue>Psittacidae</taxonRankValue>
                    </taxonomicClassification>
                    <taxonomicClassification>
                          <taxonRankName>Family</taxonRankName>
                        <taxonRankValue>Rallidae</taxonRankValue>
                    </taxonomicClassification>
                    <taxonomicClassification>
                          <taxonRankName>Family</taxonRankName>
                        <taxonRankValue>Ramphastidae</taxonRankValue>
                    </taxonomicClassification>
                    <taxonomicClassification>
                          <taxonRankName>Family</taxonRankName>
                        <taxonRankValue>Ramphastidae</taxonRankValue>
                    </taxonomicClassification>
                    <taxonomicClassification>
                          <taxonRankName>Family</taxonRankName>
                        <taxonRankValue>Scolopacidae</taxonRankValue>
                    </taxonomicClassification>
                    <taxonomicClassification>
                          <taxonRankName>Family</taxonRankName>
                        <taxonRankValue>Steatornithidae</taxonRankValue>
                    </taxonomicClassification>
                    <taxonomicClassification>
                          <taxonRankName>Family</taxonRankName>
                        <taxonRankValue>Thamnophilidae</taxonRankValue>
                    </taxonomicClassification>
                    <taxonomicClassification>
                          <taxonRankName>Family</taxonRankName>
                        <taxonRankValue>Thraupidae</taxonRankValue>
                    </taxonomicClassification>
                    <taxonomicClassification>
                          <taxonRankName>Family</taxonRankName>
                        <taxonRankValue>Tinamidae</taxonRankValue>
                    </taxonomicClassification>
                    <taxonomicClassification>
                          <taxonRankName>Family</taxonRankName>
                        <taxonRankValue>Trochilidae</taxonRankValue>
                    </taxonomicClassification>
                    <taxonomicClassification>
                          <taxonRankName>Family</taxonRankName>
                        <taxonRankValue>Troglodytidae</taxonRankValue>
                    </taxonomicClassification>
                    <taxonomicClassification>
                          <taxonRankName>Family</taxonRankName>
                        <taxonRankValue>Trogonidae</taxonRankValue>
                    </taxonomicClassification>
                    <taxonomicClassification>
                          <taxonRankName>Family</taxonRankName>
                        <taxonRankValue>Turdidae</taxonRankValue>
                    </taxonomicClassification>
                    <taxonomicClassification>
                          <taxonRankName>Family</taxonRankName>
                        <taxonRankValue>Tyrannidae</taxonRankValue>
                    </taxonomicClassification>
                    <taxonomicClassification>
                          <taxonRankName>Family</taxonRankName>
                        <taxonRankValue>Vireonidae</taxonRankValue>
                    </taxonomicClassification>
              </taxonomicCoverage>
              <taxonomicCoverage>
                    <generalTaxonomicCoverage>18 familias de Mamiferos:Cuniculidae, Dasypodidae, Didelphidae, Callitrichidae, Sciuridae, Phyllostomidae, Dasyproctidae, Mustelidae, Canidae, Heteromyidae, Cebidae, Procyonidae, Muridae, Myrmecophagidae, Megalonychidae, Echimyidae, Vespertilionidae, Molossidae.


El 50% de los registros están identificados hasta especie y el 50% hasta género.</generalTaxonomicCoverage>
                    <taxonomicClassification>
                          <taxonRankName>Family</taxonRankName>
                        <taxonRankValue>Callitrichidae</taxonRankValue>
                    </taxonomicClassification>
                    <taxonomicClassification>
                          <taxonRankName>Family</taxonRankName>
                        <taxonRankValue>Canidae</taxonRankValue>
                    </taxonomicClassification>
                    <taxonomicClassification>
                          <taxonRankName>Family</taxonRankName>
                        <taxonRankValue>Cebidae</taxonRankValue>
                    </taxonomicClassification>
                    <taxonomicClassification>
                          <taxonRankName>Family</taxonRankName>
                        <taxonRankValue>Cuniculidae</taxonRankValue>
                    </taxonomicClassification>
                    <taxonomicClassification>
                          <taxonRankName>Family</taxonRankName>
                        <taxonRankValue>Dasypodidae</taxonRankValue>
                    </taxonomicClassification>
                    <taxonomicClassification>
                          <taxonRankName>Family</taxonRankName>
                        <taxonRankValue>Dasyproctidae</taxonRankValue>
                    </taxonomicClassification>
                    <taxonomicClassification>
                          <taxonRankName>Family</taxonRankName>
                        <taxonRankValue>Didelphidae</taxonRankValue>
                    </taxonomicClassification>
                    <taxonomicClassification>
                          <taxonRankName>Family</taxonRankName>
                        <taxonRankValue>Echimyidae</taxonRankValue>
                    </taxonomicClassification>
                    <taxonomicClassification>
                          <taxonRankName>Family</taxonRankName>
                        <taxonRankValue>Heteromyidae</taxonRankValue>
                    </taxonomicClassification>
                    <taxonomicClassification>
                          <taxonRankName>Family</taxonRankName>
                        <taxonRankValue>Megalonychidae</taxonRankValue>
                    </taxonomicClassification>
                    <taxonomicClassification>
                          <taxonRankName>Family</taxonRankName>
                        <taxonRankValue>Molossidae</taxonRankValue>
                    </taxonomicClassification>
                    <taxonomicClassification>
                          <taxonRankName>Family</taxonRankName>
                        <taxonRankValue>Muridae</taxonRankValue>
                    </taxonomicClassification>
                    <taxonomicClassification>
                          <taxonRankName>Family</taxonRankName>
                        <taxonRankValue>Mustelidae</taxonRankValue>
                    </taxonomicClassification>
                    <taxonomicClassification>
                          <taxonRankName>Family</taxonRankName>
                        <taxonRankValue>Myrmecophagidae</taxonRankValue>
                    </taxonomicClassification>
                    <taxonomicClassification>
                          <taxonRankName>Family</taxonRankName>
                        <taxonRankValue>Phyllostomidae</taxonRankValue>
                    </taxonomicClassification>
                    <taxonomicClassification>
                          <taxonRankName>Family</taxonRankName>
                        <taxonRankValue>Procyonidae</taxonRankValue>
                    </taxonomicClassification>
                    <taxonomicClassification>
                          <taxonRankName>Family</taxonRankName>
                        <taxonRankValue>Sciuridae</taxonRankValue>
                    </taxonomicClassification>
                    <taxonomicClassification>
                          <taxonRankName>Family</taxonRankName>
                        <taxonRankValue>Vespertilionidae</taxonRankValue>
                    </taxonomicClassification>
              </taxonomicCoverage>
              <taxonomicCoverage>
                    <generalTaxonomicCoverage>8 familias de Reptiles: Colubridae, Corytophanidae, Gymnophthalmidae, Polychrotidae, Scincidae, Sphaerodactylidae, Teiidae, Viperidae.

El 48% de los registros están identificados hasta especie.</generalTaxonomicCoverage>
                    <taxonomicClassification>
                          <taxonRankName>Family</taxonRankName>
                        <taxonRankValue>Colubridae</taxonRankValue>
                    </taxonomicClassification>
                    <taxonomicClassification>
                          <taxonRankName>Family</taxonRankName>
                        <taxonRankValue>Corytophanidae</taxonRankValue>
                    </taxonomicClassification>
                    <taxonomicClassification>
                          <taxonRankName>Family</taxonRankName>
                        <taxonRankValue>Gymnophthalmidae</taxonRankValue>
                    </taxonomicClassification>
                    <taxonomicClassification>
                          <taxonRankName>Family</taxonRankName>
                        <taxonRankValue>Polychrotidae</taxonRankValue>
                    </taxonomicClassification>
                    <taxonomicClassification>
                          <taxonRankName>Family</taxonRankName>
                        <taxonRankValue>Scincidae</taxonRankValue>
                    </taxonomicClassification>
                    <taxonomicClassification>
                          <taxonRankName>Family</taxonRankName>
                        <taxonRankValue>Sphaerodactylidae</taxonRankValue>
                    </taxonomicClassification>
                    <taxonomicClassification>
                          <taxonRankName>Family</taxonRankName>
                        <taxonRankValue>Teiidae</taxonRankValue>
                    </taxonomicClassification>
                    <taxonomicClassification>
                          <taxonRankName>Family</taxonRankName>
                        <taxonRankValue>Viperidae</taxonRankValue>
                    </taxonomicClassification>
              </taxonomicCoverage>
      </coverage>
      <purpose>
          <para>Actualizar los inventarios de la diversidad de especies de fauna vertebrada terrestre para las zonas de influencia directa de los embalses Punchiná, en la Central Hidroeléctrica de San Carlos y San Lorenzo de la Central Hidroeléctrica de Jaguas, ubicadas en el Oriente Antioqueño, para cumplir con la solicitud hecha por El Ministerio de Ambiente Vivienda y Desarrollo Territorial mediante el Auto 737 del 11 de abril del 2006.  Así mismo, con este estudio se pretendio determinar la estructura de la comunidad de anfibios, reptiles, aves y mamíferos en las zonas de influencia de estos embalses.</para>
      </purpose>
      <maintenance>
          <description>
              <para></para>
          </description>
          <maintenanceUpdateFrequency>unkown</maintenanceUpdateFrequency>
      </maintenance>
      <contact>
    <individualName>
<givenName>Clara María</givenName>          <surName>Peréz Gallego</surName>
    </individualName>
<organizationName>ISAGEN S.A.</organizationName><positionName>Analista de Gestión Ambiental</positionName>    <address>
<deliveryPoint>Cra 43 A No. 11 A - 80</deliveryPoint><city>Medellín</city><administrativeArea>Antioquia</administrativeArea><country>COLOMBIA</country>    </address>
<phone>+57 44440057</phone><electronicMailAddress>cperez@isagen.com</electronicMailAddress><onlineUrl>http://www.isagen.com.co/</onlineUrl>      </contact>
      <methods>
            <methodStep>
                <description>
                    <para>Redes de niebla, transectos, trampas de cajón, censos visuales. Véase descripción del muestreo.</para>
                </description>
            </methodStep>
            <sampling>
                <studyExtent>
                    <description>
                        <para>La Central Hidroeléctrica San Carlos esta ubicada al oriente del departamento de Antioquia, a 150 Km., al oriente de Medellín, el embalse Punchiná está localizado sobre el río Guatapé, cerca del caserío de Puerto Belo. Se caracterizó por presentar en sus alrededores franjas de cobertura vegetal en diferentes estadios de sucesión (rastrojos altos, bajos y bosque secundario).  Actualmente, estas áreas han sido intervenidas por los pobladores de la zona aledaña en actividades como cultivos, pastoreo y extracción de madera.</para>
                    </description>
                </studyExtent>
                <samplingDescription>
                    <para>Anfibios y reptiles (Herpetofauna)
Los datos de herpetofauna se tomaron mediante registro visual a lo largo de transectos de 50 metros de largo por dos de ancho en cada uno de los hábitats (pastizal, rastrojo alto y bosque) (Sutherland, 1996), éstos se ubicaron al azar de tal forma que abarcaron áreas representativas del hábitat estudiado.  Los recorridos se realizaron en las horas de la mañana entre las 8:00 a.m. a 12: 00 m y luego en la noche entre las 6:00 p.m. a 8:00 p.m. al iniciar el transecto se realizó una descripción del entorno, como cobertura de dosel, humedad de la hojarasca, inclinación y vegetación, además se registró la hora de inicio y finalización del trayecto. Los recorridos se realizaron por dos personas separadas entre si a una distancia de tres metros y los animales en los muestreos diurnos se buscaron removiendo la hojarasca, los troncos caídos, los agujeros de los árboles, cuerpos de agua y otros, es decir, en todo microhábitat potencialmente donde se encuentra la herpetofauna (Sutherland, 1996), por otra parte en los muestreos nocturnos se registraron los individuos activos en la superficie del suelo, ramas u hojas.

Los ejemplares colectados se identificaron en campo y se les midieron algunas variables morfométricas como longitud rostro-cloaca y longitud de la cola. Adicionalmente, se tomaron fotografías de los primeros ejemplares de cada especie en la posición dorsal y ventral, para luego ser liberados en el mismo sitio de captura.  Así mismo, se realizó un reconocimiento general de las especies presentes en la zona, a través de observaciones fuera de transectos de los hábitats estudiados, con el fin de enriquecer el listado general de las especies de herpetofauna dentro de la zona.

La determinación de anfibios en el campo se emplearon claves taxonómicas de Cochran y Goin (1970), Lynch y Rueda (1998; 1999), Lynch y Ardila (1999),  Páez et al., (2002), Renjifo y Lundberg (1999). Mientras que la determinación de reptiles fueron utilizadas las claves de Avila-Pires (1995), Ayala y Castro (Sin publicar), Campell y Lamar (1989), Castro (1978), Páez et al., (2002), Pérez Santos y Moreno (1988), Peters y Orejas Miranda (1970), Renjifo y Lundberg (1999), Wiest (1978).

Aves
Muestreo con redes de niebla
La evaluación de la avifauna se realizó a través de la captura con redes de niebla y muestreo por transectos, en los cuales se efectuaron registros visuales y auditivos en los tres hábitats previamente seleccionados.

Se empleó el mismo tipo de red de niebla durante toda la fase del inventario tipo ATX 12, de 12 metros de largo por 2.6 metros de ancho, con una malla extendida de 30 a 36 mm. En total el área de cubrimiento fue de 60 metros de largo por 2.6 metros de ancho (156 m2).  Para el inventario se emplearon tres redes desplegadas simultáneamente durante un tiempo mínimo de seis horas diarias, cuando las condiciones climáticas lo permitían. Las redes se abrieron entre las 5:30 a.m. y las 6:00 a.m. El tiempo promedio entre la apertura de la primera y la última red se empleo como el tiempo de apertura.

Las redes fueron revisadas con una periodicidad mínima de 30 minutos. Además de la determinación taxonómica de los individuos capturados se registró la siguiente información: peso, longitudes de culmen expuesto, arco del ala, cola, tarso, también, su estado reproductivo y su sexo. Adicionalmente, se tomó un registro fotográfico de los primeros ejemplares de cada especie y sexo.

Aves
Muestreo por transectos
Corresponden a líneas rectas de 100 metros de longitud que atravesaron los diferentes hábitats. Se establecieron dos transectos diarios en cada hábitat, para un total de una repetición. Cada uno de los transectos fue georeferenciado, señalizado en el campo y ubicado en un mapa. Además se determino el rumbo y la morfología del área de cada transecto. El observador caminó lentamente y en silencio hasta un punto y se detuvo, luego de tres minutos anotó todas las aves que logro ver y escuchar durante cinco minutos. Se determinó la especie, el número de individuos y la distancia perpendicular desde donde se encuentraba el ave al observador.

Las observaciones se realizaron con la ayuda de binoculares con un poder mínimo de 8 x 42 mm. Cada transecto fue visitado ocho veces durante cada muestreo a la misma hora y con igual duración. Las observaciones se hicieron temprano en la mañana (entre las 5:30 y las 10:00 a.m.) y/o al atardecer (entre las 15:30 y las 18:00 p.m.) siempre y cuando las condiciones climáticas lo permitieron.  Se diferenciaron las especies residentes de las migratorias y se tuvo en cuenta observaciones sobre comportamientos específicos, hábitos alimenticios, nidificación en la zona y si se miró si eran endémicas.

Los ejemplares observados fueron determinados de acuerdo a las claves taxonómicas de Hilty y Brown (2001), Jaramillo (1993), Jaramillo y Olarte (1996), Negret (2001), Restrepo y Bodhert (2002), Robbins, et al.,(1983), Salaman, et al.,(2001)

Mamíferos
La identificación más precisa que puede hacerse de un mamífero se logra capturándolo para tomar diferentes medidas, observar características diagnósticas de la especie, como la dentición, cráneos, coloración del pelaje, entre otras (Muñoz, 1986).

Para el muestreo de mamíferos en los sitios de estudio, se procuró cubrir el mayor número de variables medioambientales.  Cada sitio de muestreo fue monitoreado por períodos no mayores a cinco días, los cuales fueron revisados diariamente y en lo posible evaluados en las dos estaciones climáticas (verano e invierno).

En general los métodos para capturar mamíferos vivos incluyen diversos tipos como trampas cajas, cepos, redes y sistemas de inmovilización química aplicados por dardos.  Para el presente estudio se utilizaron trampas cajón, redes, captura visual por avistamiento y registro de rastros.
Captura de Mamíferos pequeños y medianos (trampas cajón)

Para el presente estudio se emplearon trampas de cajón Sherman® y Tomahawk. Las trampas Sherman® son de aluminio galvanizado, poseen un sistema de gatillo que permite su cierre, el cual se activa en el momento en que el animal entra en la trampa al ser atraído por diferentes cebos, los cuales pueden ser selectivos dependiendo de la especie que se quiera capturar. El tamaño de las cajas varía desde 5 cm. x 5 cm. x 10 cm. hasta 10 cm. x 10 cm. x 20 cm., y aun más. Estas trampas se utilizan para la captura de mamíferos terrestres y arborícolas como cricetidos, muridos y marsupiales pequeños y medianos (ratones, marmosas, chuchas o faras) Sánchez et al., 2000.

Las trampas Tomahawk® son cajones alargados conformados por estructuras de alambre que dejan una malla de ojo variable.  Los sistemas de disparo o cierre de las puertas varían según el modelo y el fabricante, pero en general el sistema de disparo es el mismo, el cual se acciona por medio de gatillos y cebos.  Este dispositivo se construye con infinidad de materiales los cuales deben ser de mayor resistencia cuando se requiera capturar animales más grandes y fuertes (Zuluaga, 1995).

Para el presente estudio se utilizaron en total 29 trampas: 14 plegables de rejilla tipo Tomahawk® (40,6 cm. x 12,7 cm. x 12,7 cm.) y 15 Sherman® (7,6 cm. x 8.8 cm. x 22,8 cm.). Para las trampas plegables se utilizaron sardinas como cebo y en algunos casos, fruta (papaya, guayaba y mango). Las trampas Sherman® se cebaron con una mezcla de maní, avena, panela y esencia de vainilla, y en algunos casos con mezcla de semillas. Los cebos fueron removidos cada día en las horas de la mañana y en la tarde se recebaba (Herrera-Macbryde et al., 2000).  Tanto las trampas Tomahawk® como Sherman® se colocaron al nivel del suelo, cerca de refugios, en hojarascas, matorrales, grietas, cerca de cursos de agua y caminaderos, a una distancia de 10 m entre las trampas.

Captura de Mamíferos Voladores (redes)
Para la captura de murciélagos se emplearon redes de niebla tipo (mist-nets) de 12 m de largo, 38mm de abertura y 2.6 m de altura, nylon, 4 bolsillos (véase figura 25). Las mallas se ubicaron en diferentes sitios (dentro del bosque, atravesando caminos, rutas de vuelo, campo abierto, bordes de bosque y fuentes de agua) en cada uno de los habitas estudiados (pastizal, rastrojo alto y bosque secundario) (Tirira, 1999). Las redes se extendieron sólo una noche por hábitat a un metro del piso y al nivel del dosel en aquellos sitios donde fue posible ubicarlas.  Los muestreos se realizaron entre las 17:30 y las 20:00 horas, períodos de mayor actividad para este grupo de mamíferos (Tirira 1999).

Los ejemplares capturados fueron manipulados con guantes de carnaza para evitar lesiones; a cada individuo se registró la localidad, fecha, hora de captura, sexo y el estado reproductivo.

Censos Visuales
La captura visual se entiende como el acto de detectar la presencia de un espécimen.  Esta metodología se implementó en cada hábitat estudiado y en sitios estratégicos de actividad como comederos, orillas de quebradas y en el bosque (Travi y Gaetani, 1985; Rumíz y Sainz, 2001). Las observaciones se realizaron durante los recorridos en el día y en la noche. Otros elementos utilizados para la realización del inventario fueron huellas, excrementos, pelo, restos de alimentación, animales muertos, marcas territoriales, alteraciones en la vegetación, pieles, nidos, cráneos y voces, sonidos u olores, entre otras evidencias (indicios indirectos). Se empleó la metodología propuesta por Wilson et al., (1996).

La determinación taxonómica de las especies registradas, se utilizaron las guías Navarro y Muñoz (2000), Navarro et al., 2005, Aranda (2000), Linares (1999), Woodman (1996), Méndez (1993), Woodman y Timm (1993), Wilson y Reeder (1993), Carleton y Musser (1989) y Eisenberg (1989).

Para los datos morfométricos de las especies, se tomaron las medidas convencionales según el grupo trabajado; para la determinación de los ejemplares hasta especie, se utilizaron las claves de murciélagos vivientes en Colombia (Muñoz, 1995) entre otras, para los demás mamíferos se utilizaron las claves de Emmons y Feer (1997, 1999) y Tirira, 1999.</para>
                </samplingDescription>
            </sampling>
      </methods>

</dataset>

<additionalMetadata>
    <metadata>
      <gbif>
        <dateStamp>2020-04-07T21:57:29Z</dateStamp>
      <citation identifier="http://doi.org/10.15472/p3246n">Peréz Gallego C M (2018). Registros biológicos de especies de fauna vertebrada terrestre en las centrales de San Carlos y Jaguas - 2006. Version 4.2. Isagen S.A.S.. Occurrence dataset https://doi.org/10.15472/p3246n accessed via GBIF.org on 2020-04-07.</citation>
              <bibliography>
      <citation>Velásquez MP, Muñoz-Escobar E, Gallo SM, Peña AF, Navarro JF, Zapata-Escobar C, Arias L, Morales D, Pérez C. 2007. Actualización de los inventarios de especies de fauna vertebrada terrestre centrales de San Carlos y Jaguas, ISAGEN Contrato No 46/2096. Informe final.</citation>
              </bibliography>
              <resourceLogoUrl>https://s3.amazonaws.com/sib-resources/images/logos-socios/portal-sib/Logo-isagen.png</resourceLogoUrl>
        </gbif>
    </metadata>
</additionalMetadata>

</eml:eml>
