<?xml version="1.0" encoding="utf-8"?>
<eml:eml xmlns:eml="eml://ecoinformatics.org/eml-2.1.1" xmlns:xsi="http://www.w3.org/2001/XMLSchema-instance"
         xsi:schemaLocation="eml://ecoinformatics.org/eml-2.1.1 http://rs.gbif.org/schema/eml-gbif-profile/1.1/eml.xsd"
        packageId="f2823a82-923b-43c6-ae62-dbfef95652c5"  system="http://gbif.org" scope="system"
  xml:lang="en">

<dataset>
      <alternateIdentifier>10.15468/yvfqgr</alternateIdentifier>
        <alternateIdentifier>f2823a82-923b-43c6-ae62-dbfef95652c5</alternateIdentifier>
        <alternateIdentifier>https://cloud.gbif.org/bid/resource?r=vertebrates-old-collection-before-1986</alternateIdentifier>
    <title>NZCS Vertebrates Old Collection Before 1987</title>
    <creator>
    <individualName>
<givenName>Paul</givenName>          <surName>Ouboter</surName>
    </individualName>
<organizationName>NZCS</organizationName><positionName>Director of NZCS</positionName>    <address>
<deliveryPoint>Leysweg #86</deliveryPoint><city>Paramaribo</city><country>SURINAME</country>    </address>
<phone>+597 465558 ext 2333</phone><electronicMailAddress>p.ouboter@uvs.edu</electronicMailAddress>    </creator>
    <creator>
    <individualName>
<givenName>Dimitri</givenName>          <surName>Ouboter</surName>
    </individualName>
<organizationName>NZCS</organizationName><positionName>Database Assistant</positionName>    <address>
<deliveryPoint>Leysweg #86</deliveryPoint><city>Paramaribo</city><country>SURINAME</country>    </address>
<phone>+597 465558 ext 2333</phone><electronicMailAddress>d.a.ouboter@gmail.com</electronicMailAddress>    </creator>
    <creator>
    <individualName>
<givenName>Vanessa</givenName>          <surName>Kadosoe</surName>
    </individualName>
<organizationName>NZCS</organizationName><positionName>Assistant Vector Entomology</positionName>    <address>
<deliveryPoint>Leysweg #86</deliveryPoint><city>Paramaribo</city><country>SURINAME</country>    </address>
<phone>+597 465558 ex 2322</phone><electronicMailAddress>vanessa.kadosoe@uvs.edu</electronicMailAddress>    </creator>
    <metadataProvider>
    <individualName>
<givenName>Paul</givenName>          <surName>Ouboter</surName>
    </individualName>
<organizationName>NZCS</organizationName><positionName>Director of NZCS</positionName>    <address>
<deliveryPoint>Leysweg #86</deliveryPoint><city>Paramaribo</city><country>SURINAME</country>    </address>
<phone>+597 465558 ext 2333</phone><electronicMailAddress>p.ouboter@uvs.edu</electronicMailAddress>    </metadataProvider>
    <metadataProvider>
    <individualName>
<givenName>Vanessa</givenName>          <surName>Kadosoe</surName>
    </individualName>
<organizationName>NZCS</organizationName><positionName>Assistant Vector Entomology</positionName>    <address>
<deliveryPoint>Leysweg #86</deliveryPoint><city>Paramaribo</city><country>SURINAME</country>    </address>
<phone>+597 465558 ex 2322</phone><electronicMailAddress>vanessa.kadosoe@uvs.edu</electronicMailAddress>    </metadataProvider>
    <associatedParty>
    <individualName>
<givenName>Vanessa</givenName>          <surName>Kadosoe</surName>
    </individualName>
<organizationName>NZCS</organizationName><positionName>Assistant Vector Entomology</positionName>    <address>
<deliveryPoint>Leysweg #86</deliveryPoint><city>Paramaribo</city><country>SURINAME</country>    </address>
<phone>+597 465558 ex 2322</phone><electronicMailAddress>vanessa.kadosoe@uvs.edu</electronicMailAddress>    <role>DISTRIBUTOR</role>
    </associatedParty>
    <associatedParty>
    <individualName>
<givenName>Paul</givenName>          <surName>Ouboter</surName>
    </individualName>
<organizationName>NZCS</organizationName><positionName>Director of NZCS</positionName>    <address>
<deliveryPoint>Leysweg #86</deliveryPoint><city>Paramaribo</city><country>SURINAME</country>    </address>
<phone>+597 465558 ext 2333</phone><electronicMailAddress>p.a.ouboter@uvs.edu</electronicMailAddress>    <role>PRINCIPAL_INVESTIGATOR</role>
    </associatedParty>
    <associatedParty>
    <individualName>
<givenName>Dimitri</givenName>          <surName>Ouboter</surName>
    </individualName>
<organizationName>NZCS</organizationName><positionName>Database Assistant</positionName>    <address>
<deliveryPoint>Leysweg #86</deliveryPoint><city>Paramaribo</city><country>SURINAME</country>    </address>
<phone>+597 465558 ext 2333</phone><electronicMailAddress>d.a.ouboter@gmail.com</electronicMailAddress>    <role>CUSTODIAN_STEWARD</role>
    </associatedParty>
      <pubDate>
      2019-04-24
      </pubDate>
    <language>ENGLISH</language>
    <abstract>
        <para>The Vertebrate Old Collection Before 1987 contains collection specimens that were donated by the Foundation Surinaams Museum. This museum is now specifically focussed on culture and art. These specimens were collected all over Suriname between 1879 and 1987. The dataset also includes few specimens from Brazil. Some of the main collectors were D. Geijskes, J. Toto, Lijding, R. Vari, H. Madarie.</para>
    </abstract>
        <keywordSet>
              <keyword>Vertebrates</keyword>
              <keyword>Mammalia</keyword>
              <keyword>Actinopterygii</keyword>
              <keyword>Amphibia</keyword>
              <keyword>Before 1987</keyword>
              <keyword>Reptilia</keyword>
              <keyword>Suriname</keyword>
              <keyword>Aves</keyword>
              <keyword>Occurrence</keyword>
              <keyword>Old Collection</keyword>
              <keywordThesaurus>GBIF Dataset Type Vocabulary: http://rs.gbif.org/vocabulary/gbif/dataset_type.xml</keywordThesaurus>
        </keywordSet>
        <keywordSet>
              <keyword>Specimen</keyword>
              <keyword>Mammalia</keyword>
              <keyword>Actinopterygii</keyword>
              <keyword>Amphibia</keyword>
              <keyword>Reptilia</keyword>
              <keyword>Aves</keyword>
              <keywordThesaurus>GBIF Dataset Subtype Vocabulary: http://rs.gbif.org/vocabulary/gbif/dataset_subtype.xml</keywordThesaurus>
        </keywordSet>
      <intellectualRights>
        <para>This work is licensed under a <ulink url="http://creativecommons.org/licenses/by-nc/4.0/legalcode"><citetitle>Creative Commons Attribution Non Commercial (CC-BY-NC) 4.0 License</citetitle></ulink>.</para>
      </intellectualRights>
      <distribution scope="document">
          <online>
              <url function="information">http://nzcs.uvs.edu</url>
          </online>
      </distribution>
      <coverage>
            <geographicCoverage>
                  <geographicDescription>The geographic coverage for the Vertebrates Old Collection Before 1987 encompasses the whole area of Suriname including the territorial waters.</geographicDescription>
                  <boundingCoordinates>
                      <westBoundingCoordinate>-58.118</westBoundingCoordinate>
                      <eastBoundingCoordinate>-53.987</eastBoundingCoordinate>
                      <northBoundingCoordinate>7.972</northBoundingCoordinate>
                      <southBoundingCoordinate>1.823</southBoundingCoordinate>
                  </boundingCoordinates>
            </geographicCoverage>
          <temporalCoverage>
            <rangeOfDates>
              <beginDate>
                <calendarDate>      1879
</calendarDate>
              </beginDate>
              <endDate>
                <calendarDate>      1987
</calendarDate>
              </endDate>
            </rangeOfDates>
          </temporalCoverage>
              <taxonomicCoverage>
                    <generalTaxonomicCoverage>All specimens from the Vertebrates Old Collection Before 1987 were identified either to family, genus or species level.</generalTaxonomicCoverage>
                    <taxonomicClassification>
                          <taxonRankName>Class</taxonRankName>
                        <taxonRankValue>Mammalia</taxonRankValue>
                          <commonName>Mammals</commonName>
                    </taxonomicClassification>
                    <taxonomicClassification>
                          <taxonRankName>Class</taxonRankName>
                        <taxonRankValue>Aves</taxonRankValue>
                          <commonName>Birds</commonName>
                    </taxonomicClassification>
                    <taxonomicClassification>
                          <taxonRankName>Class</taxonRankName>
                        <taxonRankValue>Reptilia</taxonRankValue>
                          <commonName>Reptiles</commonName>
                    </taxonomicClassification>
                    <taxonomicClassification>
                          <taxonRankName>Class</taxonRankName>
                        <taxonRankValue>Amphibia</taxonRankValue>
                          <commonName>Amphibians</commonName>
                    </taxonomicClassification>
                    <taxonomicClassification>
                          <taxonRankName>Class</taxonRankName>
                        <taxonRankValue>Actinopterygii</taxonRankValue>
                          <commonName>Ray-finned fishes</commonName>
                    </taxonomicClassification>
              </taxonomicCoverage>
      </coverage>
      <maintenance>
          <description>
              <para></para>
          </description>
          <maintenanceUpdateFrequency>unkown</maintenanceUpdateFrequency>
      </maintenance>
      <contact>
    <individualName>
<givenName>Vanessa</givenName>          <surName>Kadosoe</surName>
    </individualName>
<organizationName>NZCS</organizationName><positionName>Assistant Vector Entomology</positionName>    <address>
<deliveryPoint>Leysweg #86</deliveryPoint><city>Paramaribo</city><country>SURINAME</country>    </address>
<phone>+597 465558 ex 2322</phone><electronicMailAddress>vanessa.kadosoe@uvs.edu</electronicMailAddress>      </contact>
      <contact>
    <individualName>
<givenName>Paul</givenName>          <surName>Ouboter</surName>
    </individualName>
<organizationName>NZCS</organizationName><positionName>Director of NZCS</positionName>    <address>
<deliveryPoint>Leysweg #86</deliveryPoint><city>Paramaribo</city><country>SURINAME</country>    </address>
<phone>+597 465558 ext 2322</phone><electronicMailAddress>vanessa.kadosoe@uvs.edu</electronicMailAddress>      </contact>
      <methods>
            <methodStep>
                <description>
                    <para>All kinds of sampling, preservation and identification may have been used.</para>
                </description>
            </methodStep>
            <sampling>
                <studyExtent>
                    <description>
                        <para>The data was collected from many areas in Suriname between 1879 and 1987.</para>
                    </description>
                </studyExtent>
                <samplingDescription>
                    <para>This data was predominantly collected during expeditions, monitoring surveys or other research activities.</para>
                </samplingDescription>
            </sampling>
            <qualityControl>
                <description>
                    <para>In some cases the identification of specimens was rechecked by foreign experts.</para>
                </description>
            </qualityControl>
      </methods>

</dataset>

<additionalMetadata>
    <metadata>
      <gbif>
        <dateStamp>2020-04-07T21:57:29Z</dateStamp>
      <citation>Ouboter P, Ouboter D, Kadosoe V (2019). NZCS Vertebrates Old Collection Before 1987. Version 1.4. National Zoological Collection of Suriname (NZCS). Occurrence dataset https://doi.org/10.15468/yvfqgr accessed via GBIF.org on 2020-04-07.</citation>
              <collection>
                <parentCollectionIdentifier>NZCS Invertebraten Collectie</parentCollectionIdentifier>
                <collectionIdentifier></collectionIdentifier>
                <collectionName>NZCS Insecten Collectie</collectionName>
              </collection>
              <collection>
                <parentCollectionIdentifier>NZCS Vertebraten Collectie</parentCollectionIdentifier>
                <collectionIdentifier></collectionIdentifier>
                <collectionName>NZCS Vissen Collectie</collectionName>
              </collection>
              <collection>
                <parentCollectionIdentifier>NZCS Vertebraten Collectie</parentCollectionIdentifier>
                <collectionIdentifier></collectionIdentifier>
                <collectionName>NZCS Amfibieën Collectie</collectionName>
              </collection>
              <collection>
                <parentCollectionIdentifier>NZCS Vertebraten Collectie</parentCollectionIdentifier>
                <collectionIdentifier></collectionIdentifier>
                <collectionName>NZCS Reptielen Collectie</collectionName>
              </collection>
              <collection>
                <parentCollectionIdentifier>NZCS Vertebraten Collectie</parentCollectionIdentifier>
                <collectionIdentifier></collectionIdentifier>
                <collectionName>NZCS Vogel Collectie</collectionName>
              </collection>
                <specimenPreservationMethod>MOUNTED</specimenPreservationMethod>
        </gbif>
    </metadata>
</additionalMetadata>

</eml:eml>
